link,text,title,type
http://www.juzizhai.com/ju/2455.html,我会在没有人的暗夜深深检讨自己的缺憾。但我不愿在众目睽睽之下，把自己像次品一般展览。——毕淑敏《关于人生的沉思》我喜欢爱读书的女人。书不是胭脂，却会使女人心颜常驻。书不是棍棒，却会使女人铿锵有力。书不是羽毛，却会使女人飞翔。书不是万能的，却会使女人千变万化。——毕淑敏是的。我很..,毕淑敏经典歌词_毕淑敏经典语录,名人名言
http://www.juzizhai.com/ju/2750.html,1、父母把孩子养下来，无论发生什么事，必需负责到底，孩子们并没有要求被生下来，因此他们永远占着上风，开头就是父母的错。——亦舒《两个女人》2、世上所有婚姻其实均是盲婚，知人口面不知心，在一起走三两年又有何了解。——亦舒3、知己知彼，百战百胜，不会做的事，不要做。——亦舒《..,亦舒经典语录100句,名人名言
http://www.juzizhai.com/ju/2756.html,其实人生的聚散本来在乎一念之间，不要说是活着分离，其实连死也不能隔绝彼此的爱，死只是进入另一层次的生活，如果这么想，聚散无常也是自然的现象，实在不需太过悲伤。——三毛《梦里花落知多少》如果有来生，我要做一棵树，站成永恒，没有悲欢的姿势。一半在土里安详，一半在风里飞扬，一半洒落阴凉，一半沐..,三毛经典语录,名人名言
http://www.juzizhai.com/ju/3146.html,1.很清楚，前途并不属于那些犹豫不决的人，而是属于那些一旦决定之后，就不屈不挠不达目的誓不罢休的人。&nbsp&nbsp&nbsp&nbsp——罗曼·罗兰2.人们宣扬的一切道德家庭的道德，社会的道德，只有失掉了利己主义才是美好的，只有在为了过分人道的亲爱者——好儿女或好配偶——而牺牲了自己神圣的思想时才是美好的！&nbsp&nb..,罗曼·罗兰 名人名言,名人名言
http://www.juzizhai.com/ju/3145.html,1.读了一本书，就像对生活打开了一扇窗户。&nbsp&nbsp&nbsp&nbsp——高尔基2.只有人的劳动才是神圣的。&nbsp&nbsp&nbsp&nbsp——高尔基3.科学是一种强大的智慧的力量，它致力于破除禁锢着我的神秘的桎梏……&nbsp&nbsp&nbsp&nbsp——高尔基4.死亡对于思想就像一个捡破烂的女人，她徘徊在房前屋后墙角路旁，把破旧腐烂无用..,高尔基名人名言,名人名言
http://www.juzizhai.com/ju/3143.html,1.把“德性”教给你们的孩子：使人幸福的是德性而非金钱。这是我的经验之谈。在患难中支持我的是道德，使我不曾自杀的，除了艺术以外也是道德。&nbsp&nbsp&nbsp&nbsp——贝多芬2.划分天才和勤勉之别的界线迄今尚未能确定——以后也没法确定。&nbsp&nbsp&nbsp&nbsp——贝多芬3.苦难是人生的老师。通过苦难，走向欢乐。&nbs..,贝多芬 名人名言,名人名言
http://www.juzizhai.com/ju/3142.html,1.不害相思，幸福就没你的份。把爱情赶出了生活，你就赶出欢乐。一帆风顺的爱情，其实寡味。&nbsp&nbsp&nbsp&nbsp——莫里哀2.对于聪明人来说，劝告是多余的；对于愚昧人来说，劝告是不够的。&nbsp&nbsp&nbsp&nbsp——莫里哀2.爱情是一位伟大的导师，她教我们重新做人。&nbsp&nbsp&nbsp&nbsp——莫里哀3.谄媚者的艺术是：..,莫里哀 名人名言,名人名言
http://www.juzizhai.com/ju/3140.html,1.铭刻在心：每一天都是一年中最好的日子。&nbsp&nbsp&nbsp&nbsp——爱默生2.上帝为每个人灵魂提供了选择机会：或是拥有真理，或是得到安宁。你可以任选其一，但不能兼而有之。&nbsp&nbsp&nbsp&nbsp——爱默生3.家庭是父亲的王国，母亲的世界，儿童的乐园。&nbsp&nbsp&nbsp&nbsp——爱默生4.思想是会享用它的人的财产。&n..,爱默生 名人名言,名人名言
http://www.juzizhai.com/ju/3139.html,,关于奋斗的名人名言大全,名人名言
http://www.juzizhai.com/ju/3138.html,1.科学是实事求是的学问，来不得半点虚假。&nbsp&nbsp&nbsp&nbsp——华罗庚2.科学是老老实实的学问，搞科学研究工作就要采取老老实实、实事求是的态度，不能有半点虚假浮夸。不知就不知，不懂就不懂，不懂的不要装懂，而且还要追下去，不懂，不懂在什么地方；懂，懂在什么地方。老老实实的态度，首先就是要扎扎实实地打好..,华罗庚 名人名言,名人名言
http://www.juzizhai.com/ju/3136.html,,成功名人名言大全,名人名言
http://www.juzizhai.com/ju/3135.html,乌鸦的故事：上帝要拣最美丽的鸟做禽类的王，乌鸦把孔雀的长毛披在身上，插在尾巴上，到上帝前面去应选，果然为上帝挑中；其它鸟类大怒，把它插上的羽毛都扯下来，依然现出乌鸦的本相。这就是说，披着长头发的，未必就真是艺术家；反过来说，秃顶无发的人当然未必是学者思想家。——钱钟书大著作有时全不需要好屁股。听郑..,钱钟书 名人名言,名人名言
http://www.juzizhai.com/ju/3134.html,1.做老师的只要有一次向学生撒谎撒漏了底，就可能使他的全部教育成果从此为之毁灭。&nbsp&nbsp&nbsp&nbsp——卢梭2.一个爱书的人，他必定不致于缺少一个忠实的朋友，一个良好的老师，一个可爱的伴侣，一个温情的安慰者。&nbsp&nbsp&nbsp&nbsp——巴罗3.困难是人生的老师，是一所最好的学校。&nbsp&nbsp&nbsp&nbsp——网络..,关于老师的名人名言,名人名言
http://www.juzizhai.com/ju/3132.html,1.狂热者的脑袋里没有理智的地盘。&nbsp&nbsp&nbsp&nbsp——拿破仑2.人生的光荣，不在永不失败，而在于能够屡败屡起。&nbsp&nbsp&nbsp&nbsp——拿破仑3.假如人们把夸张和狂暴叫做美德，把温和与公正叫做犯罪行为，那么，这样的国家离开灭亡就不很远了。&nbsp&nbsp&nbsp&nbsp——拿破仑4.天下绝无不热烈勇敢地追求成功，而..,拿破仑 名人名言,名人名言
http://www.juzizhai.com/ju/3131.html,1.法律绝不可能发布一种既约束所有人同时又对每一个人都是最有利的命令。法律在任何时候都不能完全准确地给社会的每一个成员作出何谓善德何谓正当的规定。人之个性的差异，人的活动的多样性，人类事务无止境的变化，使得人们无论拥有什么技术都无法制定出在任何时候都可以绝对适用于各种问题的规则。&nbsp&nbsp&nbsp&nbsp..,关于法律的名人名言,名人名言
http://www.juzizhai.com/ju/3130.html,1.不能“只为了爱——盲目的爱，——而将别的人生的要义全盘疏忽了”。&nbsp&nbsp&nbsp&nbsp——鲁迅2.真正的勇士敢于直面惨淡的人生，敢于正视淋漓的鲜血。&nbsp&nbsp&nbsp&nbsp——鲁迅3.游戏是儿童最正当的行为，玩具是儿童的天使。&nbsp&nbsp&nbsp&nbsp——鲁迅4.哪里有天才，我是把别人喝咖啡的工夫都用在工作上的。..,鲁迅 名人名言,名人名言
http://www.juzizhai.com/ju/3128.html,1.立身成败，在于所染。&nbsp&nbsp&nbsp&nbsp——（唐）魏徵2.只要做事正直，莫问成败损益。&nbsp&nbsp&nbsp&nbsp——网络收集3.天有阴晴，事有成败。&nbsp&nbsp&nbsp&nbsp——网络收集4.成败论千古，人间最不公。&nbsp&nbsp&nbsp&nbsp——（清）袁牧5.事情的成败以结果为断，中间的波折不足为论。&nbsp&nbsp&nbsp&nbsp—..,关于成败的名人名言,名人名言
http://www.juzizhai.com/ju/3127.html,1.加紧学习，抓住中心，宁精勿杂，宁专勿多。&nbsp&nbsp&nbsp&nbsp——周恩来2.为中华之崛起而读书。&nbsp&nbsp&nbsp&nbsp——周恩来3.与有肝胆人共事，从无字句处读书。&nbsp&nbsp&nbsp&nbsp——周恩来4.浮舟沧海，立马昆仑。&nbsp&nbsp&nbsp&nbsp——周恩来5.我们爱我们的民族，这是我们自信心的泉源。&nbsp&nbsp&nbsp&..,周恩来名人名言 周总理名人名言,名人名言
http://www.juzizhai.com/ju/3126.html,,关于工作的名人名言,名人名言
http://www.juzizhai.com/ju/3125.html,1.在任何学校里，最重要的是课程的思想政治方向，这完全由教学人员来决定。&nbsp&nbsp&nbsp&nbsp——列宁2.我们一定要给自己提出这样的任务：第一，学习，第二是学习，第三还是学习。&nbsp&nbsp&nbsp&nbsp——列宁3.我们一定要给自己提出这样的任务：第一，学习，第二是学习，第三还是学习。&nbsp&nbsp&nbsp&nbsp——列宁..,列宁名人名言,名人名言
http://www.juzizhai.com/ju/3124.html,,关于智慧的名人名言,名人名言
http://www.juzizhai.com/ju/3122.html,1.“思考”应当走到众人前面去，“愿望”不妨留在后面。&nbsp&nbsp&nbsp&nbsp——富兰克林2.你热爱生命吗？那么别浪费时间，因为时间是组成生命的材料。&nbsp&nbsp&nbsp&nbsp——富兰克林3.惜时如金，如果有什么需要明天做的事，最好现在就开始。&nbsp&nbsp&nbsp&nbsp——富兰克林4.青年人的教育是国家的基石。&nbsp&nbsp..,富兰克林名人名言,名人名言
http://www.juzizhai.com/ju/3121.html,,关于时间的名人名言,名人名言
http://www.juzizhai.com/ju/3079.html,1.劳动可以使我们摆脱三大灾祸：寂寞、恶习、贫困。——歌德2.智慧最后的结论是：生活也好，自由也好，都要天天去赢取，这才有资格去享有它。——歌德3.最糟糕的是人们在生活中经常受到错误志向的阻碍而不自知，真到摆脱了那些阻碍时才能明白过来。——歌德4.一个人无论往哪里走，无论从事什么事业，他终将回到本性指给的..,歌德名人名言,名人名言
http://www.juzizhai.com/ju/3078.html,,如何面对痛苦的名人名言,名人名言
http://www.juzizhai.com/ju/3077.html,,关于思想的名人名言,名人名言
http://www.juzizhai.com/ju/3076.html,,关于青年的名人名言,名人名言
http://www.juzizhai.com/ju/3075.html,,关于真理的名人名言,名人名言
http://www.juzizhai.com/ju/3074.html,青，取之于蓝而青于蓝；冰，水为之而寒于水。——《荀子.劝学》含泪播种的人一定能含笑收获。形成天才的决定因素应该是勤奋。……有几分勤学苦练是成正比例的。——郭沫若乐观是一首激昂优美的进行曲，时刻鼓舞着你向事业的大路勇猛前进。——大仲马自觉心是进步之母，自贱心是堕落之源，故自觉心不可无，自贱心不可有。让..,"古代名人的极品语段,超有名的话,至理名言",名人名言
http://www.juzizhai.com/ju/3073.html,,关于劳动的名人名言,名人名言
http://www.juzizhai.com/ju/3071.html,在如今中国互联网，如果哪天百度消失，会不会觉得缺点什么呢?“百度一下，你就知道”，这句广告语在现实中常常被使用。虽然有着竞价排名黑幕和文库侵权风波，但始终不影响很多人的“有什么问题，先百度一下”。百度的成功离不开创始人李彦宏。当年，怀抱“科技改变人们的生活”的梦想，李彦宏毅然放弃外国公司丰厚待遇回国..,李彦宏经典语录,名人名言
http://www.juzizhai.com/ju/3070.html,,关于修养的名人名言,名人名言
http://www.juzizhai.com/ju/3068.html,箴言第一：没有铁的纪律，战车就开得不远。]箴言第二：你的心胸有多宽广，你的战马就能驰骋多远。箴言第三：用我们的刀箭带来的惩罚警告一切为非作歹者。箴言第四：一枝脆弱的箭，当它成倍的增加，得到别的箭的支援，哪怕大力士也折不断它，对它束手无策。因此，只要弟兄间相互帮助，彼此支援，再强大的敌人也战胜不了你们..,上帝的长鞭——成吉思汗的铁血箴言,名人名言
http://www.juzizhai.com/ju/3067.html,,关于科学的名人名言,名人名言
http://www.juzizhai.com/ju/3065.html,"绪言：一个人身边的位置只有那麽多,你能给的也只有那麽多,在这个狭小的圈子里,有些人要进来,就有一些人不得不离开。郭敬明这些句子都悲伤的那么美丽!1.时间没有等我，是你忘了带我走，我左手过目不忘的的萤火，右手里是十年一个漫长的打坐。2.每个人都是一个国王,在自己的世界里纵横跋扈,你不要听我的,但你也不要让我听你..","郭敬明60个悲伤的句子,悲伤的那么美丽",名人名言
http://www.juzizhai.com/ju/3064.html,,关于教育的名人名言,名人名言
http://www.juzizhai.com/ju/3062.html,1.吃别人不能吃的苦，忍受别人不能忍受的委屈。做别人不愿意做的事，就能享受别人不能享受的一切。《吉米罗恩》2.如何发挥语言的魅力，是现代人由沟通走向成功的必然。成功来自于85%的人脉关系，15%的专业知识。《戴尔·卡耐基》4.成功与失败的最大分野来自不同的习惯。好习惯是开启成功的钥匙，坏习惯则是一扇向失败敞开..,世界最有影响力名人的＂座右铭＂,名人名言
http://www.juzizhai.com/ju/3061.html,,爱情名人名言 最给力最全的爱情名人名言,名人名言
http://www.juzizhai.com/ju/3058.html,绪言：三毛有很多经典的话值得我们留恋，值得我们还念，每想你一次，天上飘落一粒沙，从此形成了撒哈拉。每想你一次，天上就掉下一滴水，于是形成了太平洋。1、用一秒钟转身离开，用一辈子去忘记。2、明知道天要下雨就该带把伞，明知道不会有结果就请别开始！3、有的人走了就再也没回来过，所以，等待和犹豫才是这个世界上..,"三毛对于爱情的50唯美语录,句句锥心",名人名言
http://www.juzizhai.com/ju/3057.html,,关于幸福的名人名言,名人名言
http://www.juzizhai.com/ju/3055.html,,关于社会的名人名言,名人名言
http://www.juzizhai.com/ju/3054.html,,关于儿童的名人名言大全,名人名言
http://www.juzizhai.com/ju/3051.html,1姑娘们啊！哪有那麽多白马啊？找个驴凑合得了，别等到有一天驴都被抢没了，剩一堆骡子...------冯巩2所谓美女，三分长相七分打扮、所谓气质，三分才气七分装蒜、所谓温柔，三分忍让七分压抑。------冯巩3下辇子要做筷子，就不孤单了！------冯巩4你的话，我连标点符号都不信。------冯巩5此处不留爷，自有留爷处。处处不..,"冯巩的55句经典语,这才是真正的幽默",名人名言
http://www.juzizhai.com/ju/3024.html,务实务实就是讲究实际、实事求是，这是中国农耕文化较早形成的一种民族精神。孔子不谈怪、力、乱、神，就已把目光聚焦在社会生活上。王符的《潜夫论》说：大人不华，君子务实。王守仁的《传习录》说：名与实对，务实之心重一分，则务名之心轻一分。这些思想，就是中国文化注重现实、崇尚实干精神的体现。它排斥虚妄，拒绝..,传统美德名言,名人名言
http://www.juzizhai.com/ju/3023.html,"绪言：有时候不了解本质的人，是快乐的。而能够假装不知道真相，不了解本质的人，确是幸福的。安妮宝贝的作品语言和思想是很深刻的,让人钦佩，下面这些带着酒精味道的安妮宝贝语录，看了你也许会醉！1他们似乎从没有正式地告别过。而每一次都是绝别2渴望占有愈多而愈脆弱。3你的头发美丽而哀愁。就象你的灵魂。4总是需要一..","安妮宝贝语录:我爱你,没有什么目的只是爱你",名人名言
http://www.juzizhai.com/ju/3022.html,1少壮不努力，老大徒悲伤。汉乐府古辞《长歌行》2业精于勤，荒于嬉。韩愈《进学解》3一寸光阴一寸金，寸金难买寸光阴。《增广贤文》4天行健，君子以自强不息。《周易乾象》5志不强者智不达。《墨子修身》6青，取之于蓝而青于蓝；冰，水为之而寒于水。《荀子劝学》7志当存高远。诸葛亮《诫外生书》8丈夫志四海，万里犹比邻..,经典励志名言警句,名人名言
http://www.juzizhai.com/ju/3021.html,⒈柏拉图说：若爱，请深爱;若弃，请彻底。不要暧昧，伤人伤己。⒉柏拉图说：人生最遗憾的，莫过于，轻易的放弃了不该放弃的，固执的坚持了不该坚持的。⒊柏拉图说：既然爱，为什么不说出口，有些东西失去了，不会再回来。⒋柏拉图说：有些失去是注定的，有些缘分是永远不会有结果的。爱一个人不一定会拥有，若是拥有了一个..,"记住柏拉图的十句话,会让你明白很多",名人名言
http://www.juzizhai.com/ju/3020.html,在艰苦中成长成功之人，往往由于心理的阴影，会导致变态的偏差。这种偏差，便是对社会、对人们始终有一种仇视的敌意，不相信任何一个人，更不同情任何一个人。爱钱如命的悭吝，还是心理变态上的次要现象。相反的，有器度、有见识的人，他虽然从艰苦困难中成长，反而更具有同情心和慷慨好义的胸襟怀抱。因为他懂得人生，知..,理想和抱负名言,名人名言
http://www.juzizhai.com/ju/3019.html,1.珍惜粮食，远离浪费。2.欲求温饱，勤俭为要。3.由俭如奢易，由奢入俭难。4.饮水要思源，吃饭当节俭。粒粒盘中餐，皆是辛苦换。5.饮食是文化，请从窗口文明做起。6.一粥一饭汗珠换。7.一粥一饭当思来之不易，一丝一缕恒念物力维艰。8.一勺勺积累的东西，不要用桶倒出去。9.一饱之需，何必八珍九鼎?七尺之躯，安用千门万户..,学校饭堂关于珍惜粮食的名言：一粥一饭汗珠换,名人名言
http://www.juzizhai.com/ju/3018.html,一个生命比地球还重。上田耕一朗自己活着，就是为了使别人过得更美好。雷锋人只有献身于社会，才能找出那实际上是短暂而有风险的生命的意义。爱因斯坦一个人的生命是可宝贵的，但是一代的真理更可宝贵，生命牺牲了而真理昭然于天下，这死是值得的。鲁迅人生的价值，应当看他贡献什么，而不应当看他取得什么。爱因斯坦生命..,人生价值名言,名人名言
http://www.juzizhai.com/ju/3017.html,1.没有答不了的难题，只有学不完的知识。2.我喜欢读母校的书，更喜欢读母校的人。3.心志决定命运，态度决定高度。4.让每一个孩子都有成功而精彩的故事。5.少壮轻年月，迟暮惜光辉。6.道也者，不可须臾离也。7.自信是成功之母，自卑是失败之父。8.做人诚为本，做事实为基9.知、仁、勇三者，天下之达德也。10.我们的生命是三..,"学校里经常会见到的格言警句：心志决定命运,态度决定高度",名人名言
http://www.juzizhai.com/ju/3016.html,绪言：能早看清楚一个男人，是好事情；这世界找到懂自己的人难，找个过日子的还不难！所以不必忍耐，不必将就，只要你认为自己的选择的对足矣！乐嘉说给天下所有女人的肺腑之言，女人要用心点听！女人，请一定要记住，抛弃不切实际的欲望，看淡人生，好好活着，为自己活，为亲人活，不要为你爱的人活，因为你爱的人未必真..,"乐嘉说给天下所有女人的肺腑之言,女人要用心点听",名人名言
http://www.juzizhai.com/ju/3015.html,1、追求功名几乎是崇尚优秀的代名词。——赫兹里特2、在饱极生厌的边缘，欲望依旧是地限的。——让·罗斯唐3、欲望是人遭受磨难的根源。诚然，欲望可以使人得到欢乐和幸福;但这欢乐、幸福的背后却是苦难，乐极是要生悲的;一切欲望实现之后，却也免不了灾难。——(埃及)尤素福。西巴伊4、有欲望而无行动的人只能产生瘟疫。..,"关于欲望的格言警句：嗜欲者,逐祸之马也",名人名言
http://www.juzizhai.com/ju/3014.html,绪言：爱情，已经成为了某种载体，快乐的、伤心的、痛苦的、游离的情绪，在这块肥沃的土地上冉冉升起，也许，不爱，就不会体会这种种的印记，但是，爱的目的，是否仅仅是为了经历。1.如果一个男人开始怠慢你，请你离开他。不懂得疼惜你的男人不要为之不舍，更不必继续付出你的柔情和爱情。2.任何时候，不要为一个负心的男..,"苏芩的78句话,女人一定记住",名人名言
http://www.juzizhai.com/ju/3013.html,■1、莎士比亚说：再好的东西，都有失去的一天。再深的记忆，也有淡忘的一天。再爱的人，也有远走的一天。再美的梦，也有苏醒的一天。该放弃的决不挽留。该珍惜的决不放手，分手后不可以做朋友，因为彼此伤害过！也不可以做敌人，因为彼此深爱过。■2、几米说：当你喜欢我的时候，我不喜欢你，当你爱上我的时候，我喜欢上..,"28句的经典,关于感情,关于人生,哪些能够说中你的心事,哪些会",名人名言
http://www.juzizhai.com/ju/3012.html,"绪言：怀念三毛。“不要问我从哪里来，我的故乡在远方”，她的文字触动人心，她和荷西的爱情感动一代人。母亲缪进兰说，也许她的生活、她的遭遇不够完美,但我们确知:她没有逃避命运,她勇敢面对人生。“每想你一次,天上飘落一粒沙,从此形成了撒哈拉”，23年前的1月4日，作家三毛自杀身亡。1、用一秒钟转身离开，用一辈子去..","怀念三毛：每想你一次,天上飘落一粒沙,从此形成了撒哈拉",名人名言
http://www.juzizhai.com/ju/3011.html,"关于幸福的名言,你认为真正的幸福是什么？你认为真正的幸福是什么？来这里说说把~~我要的，有个人和我一起吃饭，只要开开心心的，路边摊一样可以吃的很满足。我要的，手牵手，快快乐乐的一起去压马路。我要的，每写一篇日志、写一个心情，有个人，始终在我身边看着我感慨万千，给我回复，回应着我的感受，让整个世界都知道..","关于幸福的名言,你认为真正的幸福是什么?",名人名言
http://www.juzizhai.com/ju/3010.html,编者语:离开，原本就是爱情与人生的常态。那些痛苦增加了你生命的厚度，有一天，当你也可以微笑地转身，你就会知道，你已经不一样了！这一生，有些男人只是过程，却只有一个会是终点；有些男人会让你成长，却只有一个会陪你到老。有些男人曾让你伤心，却不会永远让你痛苦。他们留在你心里的，到头来只有那些依稀的往事与模..,张小娴《谢谢你离开我》,名人名言
http://www.juzizhai.com/ju/3009.html,语不惊人死不休一针见血的名言1．人不犯傻，我不犯傻，人若犯贱，我必更贱。专栏作家沈宏非概括的派对着装原则。2．王子们都开始隐居了，女人们看见的都是白马。某专栏作家说，白马王子的时代似乎已经结束，只剩下动物性的本能了。3．人行了，企业就行了。一位民企老板著文说，企业去掉人，就是止业，所以人最关键。4．只..,一针见血的名言,名人名言
http://www.juzizhai.com/ju/3008.html,1.对伟大人物的忘恩负义，是伟大民族的表现。-----丘吉尔2.一个人若能为别人的生命与人道的法则着想。纵使他正在为自己的生命挣扎，并处于极大的压力之下，也不会全无回报的。-----丘吉尔3.我们的目的是什么？是胜利！不惜一切代价争取胜利！-----丘吉尔4.为了得到真正的快乐，避免烦恼和脑力的过度紧张，我们都应该有一些..,丘吉尔名言名句,名人名言
http://www.juzizhai.com/ju/3007.html,职场上，须铭记的六句名言第一句话：拥有做事的智商只是成功的一半，另外的一半则是赖做人的情商达成。李契腾柏格（ClearPeakCommunications公司总裁）有句话是这样说的：心态改变习惯，习惯改变性格，性格改变人性。正面情绪让人如沐春风，负面情绪却令人退避三舍。职场中，每个人都可能遇到诸如工作进展缓慢，无缘无故被..,"职场上,须铭记的六句名言",名人名言
http://www.juzizhai.com/ju/3006.html,敏而好学，不耻下问。——孔子己所不欲，勿施于人。——孔子读书百遍，其义自见。——《三国志》书籍是人类思想的宝库。——乌申斯基书籍是前人的经验。——拉布雷吾生也有涯，而知也无涯。——庄子读书破万卷，下笔如有神。——唐杜甫书籍是生活的加速器。——尼克拉耶娃书籍是巨大的力量。——列宁书痴者文必工，艺痴者..,读书的名人名言 读书的名句大全,名人名言
http://www.juzizhai.com/ju/3005.html,约翰.D.洛克菲勒建立在商业业务的友谊远比建立在友谊上的商业业务来得好。亨利福特如果你想永远做个雇员，那么下班的汽笛吹响时，你就可以暂时忘掉手中的工作；如果你想继续前进，去开创一番事业，那么，汽笛仅仅是你开始思考的信号。安德鲁卡内基如果把我的厂房设备、材料全部烧毁，但只要保住我的全班人马，几年以后，我..,影响商业社会的十句名言,名人名言
http://www.juzizhai.com/ju/2915.html,一个人的价值，应该看他贡献什么，而不应当看他取得什么。——爱因斯坦学习知识要善于思考、思考、再思考，我就是靠这个学习方法成为科学家的——爱因斯坦凡在小事上对真理持轻率态度的人，在大事上也是不足信的。——爱因斯坦我从来不把安逸和快乐看作是生活目的本身。——爱因斯坦发展独立思考和独立判断的一般能力，应..,爱因斯坦名言名句,名人名言
http://www.juzizhai.com/ju/2913.html,生命的路是进步的，总是沿着无限的精神三角形的斜面向上走，什么都阻止他不得。——鲁迅养成他们有耐劳作的体力，纯洁高尚的道德，广博自由能容纳新潮流的精神，也就是能在世界新潮流中游泳，不被淹没的力量。——鲁迅天才并不是自生自长在深林荒野里的怪物，是由可以使天才生长的民众产生、长育出来的，所以没有这种民众..,鲁迅名言 鲁迅名句 鲁迅经典句子,名人名言
http://www.juzizhai.com/ju/2912.html,志不强者智不达。——墨翟天行健，君子以自强不息。——文天祥积土而为山，积水而为海。——荀子苟利国家生死以，岂因祸福避趋之。——林则徐一寸光阴一寸金，寸金难买寸光阴。——增广贤文不傲才以骄人，不以宠而作威。——诸葛亮顽强的毅力可以征服世界上任何一座高峰＊—狄更斯欲穷千里目，更上一层楼。——王之涣胜利..,励志名人名言 励志经典句子语录,名人名言
http://www.juzizhai.com/ju/2910.html,发明的秘诀在于不断的努力。——牛顿真理的大海，让未发现的一切事物躺卧在我的眼前，任我去探寻。——牛顿我不知道世上的人对我怎样评价。我却这样认为：我好像是在海上玩耍，时而发现了一个光滑的石子儿，时而发现一个美丽的贝壳而为之高兴的孩子。尽管如此，那真理的海洋还神秘地展现在我们面前。——牛顿我的成就，当..,牛顿名言名句,名人名言
http://www.juzizhai.com/ju/2909.html,志士惜日短，愁人知夜长。——傅玄莫等闲，白了少年头，空悲切。——岳飞利用时间是一个极其高级的规律。——恩格斯少壮不努力，老大徒伤悲。——《汉乐府长歌行》完成工作的方法是爱惜每一分钟。——达尔文吾生也有涯，而知也无涯。——庄子落日无边江不尽，此身此日更须忙。——陈师道抛弃时间的人，时间也抛弃他。——..,珍惜时间的句子 与时间有关的名人名言名句大全,名人名言
http://www.juzizhai.com/ju/2908.html,人类的历史，就是一个不断地从必然王国向自由王国发展的历史——毛泽东名句天下大乱，达到天下大治。——毛泽东名言学习的敌人是自己的满足，要认真学习一点东西，必须从不自满开始。对自己，学而不厌，对人家，诲人不倦，我们应采取这种态度——毛泽东名句发展体育运动，增强人民体质。——毛泽东从孔夫子到孙中山，我们..,"毛泽东名言,毛泽东的名言 名句 语录 诗句",名人名言
http://www.juzizhai.com/ju/2906.html,近朱者赤，近墨者黑。——付玄海内存知已，天涯若比邻。——王勃人生乐在相知心。——王安石珍珠挂在颈上，友谊嵌在心上——谚语布衣之交不可忘。——李延寿未言心相醉，不再接杯酒。——陶渊明友谊是培养人的感情的学校。——苏霍姆林斯基于患难风豪杰。——魏禧挚友如异体同心。——亚里士多德换我心，为你心，始知相忆..,友情的名言名句 友情的经典句子语录,名人名言
http://www.juzizhai.com/ju/2905.html,行动生困难；困难生疑问；疑问生假设；假设生试验；试验生断语；断语又生了行动，如此演进于无穷。——陶行知名句手脑双全，是创造教育的目的。中国教育革命的对策是使手脑联盟。——陶行知要解放孩子的头脑、双手、脚、空间、时间，使他们充分得到自由的生活，从自由的生活中得到真正的教育。——陶行知名句要人敬者，必..,陶行知名句名言,名人名言
http://www.juzizhai.com/ju/2904.html,失信就是失败。——左拉没有诚实哪来尊严——西塞罗言必信，行必果。——子路诚信为人之本。——鲁迅诚信者，天下之结也。——《墨子》一言既出，驷马难追。——中国谚语不信不立，不诚不行。——晁说之人背信则名不达。——刘向人而无信，不知其可也。——孔子一言之美，贵于千金。——葛洪祸莫大于无信。——傅玄丈夫一..,诚实的经典句子 诚实名句名言大全 诚实的经典语录,名人名言
http://www.juzizhai.com/ju/2902.html,形成天才的决定因素应该是勤奋。有几分勤学苦练是成正比例的。——郭沫若形成天才的决定因素应该是勤奋。——郭沫若天才这个字本来含意极其暖昧，它的定义，决不是所谓生而知之，不学而能的。天地间生而知之的人没有。不学而能的人也没有。天才多半由于努力养成。天才多半由于细心养成。——郭沫若科学也需要创造，需要幻..,郭沫若名言名句,名人名言
http://www.juzizhai.com/ju/2901.html,爱国如饥渴。——范晔位卑未敢忘忧国。——陆游国耻未雪，何由成名？——李白近乡情更切，不敢问来人。——宋之问苟利国家，不求富贵。——《礼记儒行》祖国如有难，汝应作前锋。——陈毅精忠报国。——《宋史岳飞列传》常思奋不顾身，而殉国家之急。——司马迁当须徇忠义，身死报国恩。——李希仲锦绣河山收拾好，万民尽..,爱国的名言名句 爱国的经典语录语句文字大全,名人名言
http://www.juzizhai.com/ju/2900.html,我是春蚕，吃了桑叶就要吐丝，哪怕放在锅里煮，死了丝还不断，为了给人间添一点温暖。——巴金名言友情在我过去的生活里就像一盏明灯，照彻了我的灵魂，使我的生存有了一点点的光彩——巴金受苦是考验，是磨炼，是咬紧牙关挖掉自己心灵上的污点。——巴金友情在我过去的生活里就象一盏明灯，照彻了我的灵魂，使我的生存有..,巴金名人名言,名人名言
http://www.juzizhai.com/ju/2899.html,勤奋是好运之母。——富兰克林三军可夺帅也，匹夫不可夺志也。——孔丘懒人老是找不到给他干的活。——沃维纳格不认识痛苦，就不是一条好汉。——雨果与其临渊羡鱼，不如退而结网。——《史记汉书董仲舒传》苦难是人生的老师，通过苦难，走向欢乐。——贝多芬读一切好书，就是和许多高尚的人谈话。——笛卡尔芸芸众生，孰..,激励人心的名言名句 激励人心的话语 激励人心的句子语录大全,名人名言
http://www.juzizhai.com/ju/2897.html,黑发不知勤学早，白首方悔读书迟。——《劝学》聪明在于勤奋，天才在于积累。——华罗庚不傲才以骄人，不以宠而作威。——诸葛亮苟利国家生死以，岂因祸福避趋之。——林则徐业精于勤，荒于嬉。行成于思，毁于随。——韩愈鸟欲高飞先振翅，人求上进先读书。——李若禅吾生也有涯，而知也无涯。——庄子人生在勤，不索何获..,勤奋的名言名句 勤奋好学的警句句子 勤奋好学的语录大全,名人名言
http://www.juzizhai.com/ju/2896.html,幸福在于为别人而生活。——列夫托尔斯泰夜把花悄悄地开放了，却让白日去领受谢词。——泰戈尔君子贵人贱己，先人而后己。——《礼记访记》最好的满足就是给别人以满足。——拉布吕耶尔应该让别人的生活因为有了你的生存而更加美好。——茨巴尔只有努力去减少别人的苦难，你才会快活。——芒奇我要做的只是以我微薄的绵力..,奉献精神的名人名言 关于奉献的名句语录 奉献他人的经典句子,名人名言
http://www.juzizhai.com/ju/2895.html,三人行，必有我师焉。择其善者而从之，其不善者而改之。——孔子夫子莞尔而笑。——孔子敏而好学，不耻下问。——孔子人而无信，不知其可也。——孔子学而不思则罔，思而不学则殆。——孔子名言父母在，不远游，游必有方。——孔子非礼勿视，非礼勿听，非礼勿言，非礼勿动。——孔子益者三友，损者三友。友直，友谅，友多..,孔子名言名句,名人名言
http://www.juzizhai.com/ju/2893.html,家庭关系紧张，父母专制，不尊重孩子的人格，不讲民主等因素直接影响孩子的学习与人生。——爱德华孩子健康心理的培养比对孩子身体的关心更为重要，孩子只有具备了健康的心理，才能挑战未来，走向成功。——布鲁尔卡特家长要善于细心地观察孩子，从孩子的一举一动和支言片语中去发现孩子的求知欲。——木村久一家长既要负..,关于孩子的名人名言 孩子名言警句,名人名言
http://www.juzizhai.com/ju/2892.html,  1.天地有大美而不言，四时有明法而不议，万物有成理而不说。圣人者，原天地之美而达万物之理。《庄子·知北游》    2.“凡人心险于山川，难于知天。”《庄子·杂篇·列御寇》    3.“忘其肝胆，遗其耳目，芒然彷徨乎尘垢之外，逍遥乎无事之业，是谓为而不恃，长而不..,庄子名言名句,名人名言
http://www.juzizhai.com/ju/2891.html,苦难对我们，成了一种功课，一种教育，你好好的利用了这苦难，就是聪明。——三毛在朋友交谈之间，语言需要当心。成年人更要步步为营，不传坏话，便可促进双方的友谊。减少是非是促进人际关系重要的一环，好话要多传，坏话一句也不传——三毛燃烧一个人的灵魂，正是对生命的爱，那是至死方休。——三毛我们一步一步走下去..,三毛的一些名言名句,名人名言
http://www.juzizhai.com/ju/2890.html,富贵不能淫，贫贱不能移，威武不能屈。——孟子名句谨庠序之教，申之以孝悌之义，颁白者不负戴于道路矣＊—孟子名言彼一时，此一时也。——孟子名言长幼有序。——孟子名句诚者，天之道也；思诚者，人之道也。——孟子天将降大任于斯人也，必先苦其心志，劳其筋骨，饿其体肤，行拂乱其所为，所以动心忍性，增益其所不能。..,孟子名言名句,名人名言
http://www.juzizhai.com/ju/2772.html,礼者，人道之极也。——荀子君子敬其在已者，而不慕其在天者，是以日进也。——荀子名言劳苦之事则争先，饶乐之事则能让。——荀子不积跬步，无以至千里；不积小流，无以成江海。——荀子礼者，断长续短，损有余，益不足，达爱敬之文，而滋成行义之美也。——荀子人无礼不立，事无礼不成，国无礼不宁。——荀子言无常信，..,荀子名言名句,名人名言
http://www.juzizhai.com/ju/2771.html,叶展对于她、对于这个城市而言，就像是雨后的一道彩虹。当彩虹出现的时候，人们停下来欣赏、赞叹；当迷人的色彩最终散去的时候，人们又重新步履匆匆地开始追逐风中猎猎作响的欲望旗帜，没有人回首没有人驻足。——郭敬明《爱与痛的边缘》我们活在浩瀚的宇宙里，漫天漂浮的宇宙尘埃和星河光尘，我们是比这些还要渺小的存在..,郭敬明经典语录大全,名人名言
http://www.juzizhai.com/ju/2769.html,桃花潭水深千尺，不及汪伦赠我情。——李白天生我材必有用。——李白桃花潭水深千尺，不及汪伦送我情。——李白中夜四五叹，常为大国忧。——李白天下伤心处，劳劳送客亭。——李白又送王孙去，萋萋满别情。——李白骐骥筋力成，志在万里外。——李白天生我才必有用，千金散尽还复来。——李白土扶可城墙，积德为厚地。—..,李白名言诗句,名人名言
http://www.juzizhai.com/ju/2768.html,喜欢和爱有什么分别？喜欢一个人，不至于渴望跟他共度余生。需要和爱有什么分别？需要一个人，还不至于希望下辈子再跟他一起。——张小娴要做这样的女子：面若桃花、心深似海、冷暖自知、真诚善良、触觉敏锐、情感丰富、坚忍独立、缱绻决绝。坚持读书、写字、听歌、旅行、上网、摄影，有时唱歌、跳舞、打扫、烹饪、约会、..,张小娴经典语录句子大全,名人名言
http://www.juzizhai.com/ju/2767.html,一个人的一生中总会遇到这样的时候，一个人的战争。这种时候你的内心已经兵荒马乱天翻地覆了，可是在别人看来你只是比平时沉默了一点，没人会觉得奇怪。这种战争，注定单枪匹马。——白岩松《痛并快乐着》过程好，结果不会差，为结果而忽视过程，结果一般不会好——白岩松走到生命的哪一个阶段，都该喜欢那一段时光，完成..,白岩松名人名言,名人名言
http://www.juzizhai.com/ju/2765.html,不要因为也许会改变就不肯说那句美丽的誓言不要因为也许会分离就不敢求一次倾心的相遇总有一些什么会留下来的吧留下来作一件不灭的印记好让好让那些不相识的人也能知道我曾经怎样深深地爱过你——席慕蓉《印记》在一回首间，才忽然发现，原来，我一生的种种努力，不过只为了周遭的人对我满意而已。为了搏得他人的称许与微..,席慕蓉经典语录句子,名人名言
http://www.juzizhai.com/ju/2764.html,我们都痛恨用马赛克压在人脸上的丑陋和不尊重。——柴静《看见》有些笑容背后是紧咬牙关的灵魂。——柴静《看见》就像叶子从痛苦的蜷缩中要用力舒展一样，人也要从不假思索的蒙昧里挣脱，这才是活着。——柴静《看见》不惹眼，不闹腾，也不勉强自己，要做个落后于时代的人，凝视人心。——柴静《看见》我问他；“我怎么老..,柴静名言 柴静名人名言 柴静语录,名人名言
http://www.juzizhai.com/ju/2763.html,十岁看百路都是一步一步走出来的。——安东尼可能我只是你生命里的一个过客，但你不会遇见第二个我。——安东尼我怕你说话，我怕你沉默。我怕你来到，我怕你离开。我怕抓紧你，我怕放走你。我怕你看到我，我怕你无视我。我怕你想念我，我怕你忘记我。我怕你过于依赖我，我怕你不再需要我。我怕你爱我，我怕你不爱我。我怕..,安东尼经典语录大全,名人名言
http://www.juzizhai.com/ju/2761.html,要想有自信就去努力挣钱，而不是钻研花鸟鱼虫。——孟非《非诚勿扰》有时候容易受骗是一种善良的表现。——孟非《非诚勿扰》我们每个人一生中发展的局限和性格有关，我们的停滞不前和性格有关，我们所犯的人生错误的代价和性格有关，重复的人生代价和性格有关，我们无法突破的自我瓶颈和性格有关，我们自以为是以为我们全..,孟非 孟非语录|名言|句子,名人名言
http://www.juzizhai.com/ju/2760.html,唯有记忆，才是最完美的影像。——七堇年《大地之灯》我们要有最朴素的生活，与最遥远的梦想。即使明日天寒地冻，路远马亡。——七堇年《被窝是青春的坟墓》就让我们继续与生命的慷慨与繁华相爱；即使岁月以刻薄与荒芜相欺。——七堇年《尘曲》也许一个人要走很长的路，经历过生命中无数突如其来的繁华和苍凉才会变得成熟..,七堇年经典语录,名人名言
http://www.juzizhai.com/ju/2758.html,要做的事情总找得出时间和机会不要做的事情总找的出藉口。——张爱玲因为爱过，所以慈悲；因为懂得，所以宽容。——张爱玲《倾城之恋》于千万人之中遇见你所要遇见的人，于千万年之中，时间的无涯的荒野里，没有早一步，也没有晚一步，刚巧赶上了，那也没有别的话可说，惟有轻轻地问一声：“噢，你也在这里吗？”——张爱..,张爱玲名人名言 张爱玲爱情语录|句子,名人名言
http://www.juzizhai.com/ju/2757.html,本该在心中的热血，它涂在地上。——韩寒《青春》痛苦来临时不要总问：“为什么偏偏是我？”因为快乐降临时你可没有问过这个问题。——韩寒有时候，不是对方不在乎你，而是你把对方看的太重。——韩寒懂越多就越像这世界的孤儿，走越远就越明白世界本是孤儿院。——韩寒“虚惊一潮这四个字是人世间最好的成语，比起什么兴..,韩寒经典语录,名人名言
http://www.juzizhai.com/ju/2754.html,"我要像果仁一样洁净,在你的心中安睡,让树叶永远沙沙作响,也不生出鸟的翅膀,我要汇入你的湖泊,在水底静静地长成大树,我要在早晨明亮地站起,把我们的太阳投入天空——顾城《南国之秋》你不愿意种花，你说，我不愿看见它一点点凋落。是的，为了避免结束，你避免了一切开始。——顾城《避免》你，一会看我，一会看云。我觉得，..",顾城经典语录,名人名言
http://www.juzizhai.com/ju/2753.html,我要一个人坐在窗台边的地板上，看樱花树在风中摆动。黄昏的雨天，最后一个孩子被母亲接走，然后在空荡荡的教室里弹钢琴。我要嫁给那个高大英俊的男人，他的睫毛就像华丽而伤感的威尼斯。我们曾经相爱，我要在他的身边，不离开他，告诉他，我愿意和他相守到老……——安妮宝贝最好的爱情是两个人彼此做个伴。不要束缚，不..,安妮宝贝经典语录 名言名句,名人名言
http://www.juzizhai.com/ju/2752.html,野花是一夜喜筵的酒杯野花是一夜喜筵的新娘野花是我包容新娘的彩色屋顶——海子《春天》面对大河我无限惭愧我年华虚度空有一身疲倦和所有以梦为马的诗人一样岁月易逝一滴不剩——海子《以梦为马》天空一无所有为何给我安慰——海子《黑夜的献诗》今夜我不关心人类，我只想你。——海子《姐姐，今夜我在德令哈》我只愿面朝..,海子经典语录,名人名言
http://www.juzizhai.com/ju/2751.html,总在快乐的时候，感到微微的惶恐。在开怀大笑时，流下感动的泪水。我无法相信单纯的幸福。对人生的起伏悲喜，既坦然又不安。——几米《我的心中每天开出一朵花》我们太年轻，以致都不知道以后的时光，竟然那么长，长得足够让我忘记你，足够让我重新喜欢一个人，就像当初喜欢你那样。——几米当一人个忽略你时，不要伤心，..,几米经典语录 名人名言名句,名人名言
http://www.juzizhai.com/ju/2749.html,憾事多则：永远谨记“亲则生狎”、“近则不逊”的交往之道，因太珍惜一些人，而小心翼翼维持一段安全的距离。保住了淡如水长流，享受不到如蜜之亲密，牺牲了许多深度交流，为了逃避火药而错过了火花。与值得珍惜的人相处，当初可不是把之视为古玩，为怕不小心将之摔破，而不敢不舍得放在手中抚摸。过分保持距离，得到了天..,林夕经典语录|句子|语句,名人名言
http://www.juzizhai.com/ju/2748.html,,林徽因经典语录大全,名人名言
http://www.juzizhai.com/ju/2597.html,得之我幸，失之我命！什么时候她能应承？——徐志摩我将于茫茫人海中访我唯一灵魂之伴侣；得之，我幸；不得，我命。——徐志摩《致梁启超》我是天空里的一片云偶尔投影在你的波心你不必讶异更无须欢喜在转瞬间消灭了踪影你我相逢在黑夜的海上你有你的，我有我的，方向你记得也好最好你忘掉在这交会时互放的光亮——徐志摩..,徐志摩经典语录,名人名言
http://www.juzizhai.com/ju/2595.html,如果早知今日，我一定对你一见钟情。——顾漫《微微一笑很倾城》向来缘浅，奈何情深。——顾漫《何以笙箫默》我一直很清醒，清醒地看着自己的沉沦。——顾漫《何以笙箫默》等待不可怕，可怕的是不知道什么时候是尽头。——顾漫《何以笙箫默》一人花开，一人花落，这些年从头到尾，无人问询。——顾漫《何以笙箫默》原来梦..,顾漫经典语录句子,名人名言
http://www.juzizhai.com/ju/2593.html,“矫讠伪行，以迷惑天下之主，而欲求宝贵焉，盗莫大于子。天下何不谓子为盗丘，而乃谓我为盗跖？”大哉斯讠！用现代的语言来说，监狱里的抢劫犯也许只盗了数得出的钱，高居要职的达官贵人所盗的可能是整个国家。谁是真正的大盗。得看用的是谁的标准。——龙应台《百年思索》我慢慢地、慢慢地了解到，所谓父女母子一场，只..,龙应台经典语录 龙应台名言名句,名人名言
http://www.juzizhai.com/ju/2592.html,情绪是一种依附细节之物。一些事，若细想，就不是那么回事，若不细想，不就是那么回事。——唐七公子《三生三世枕上书》点一盏灯听一夜孤笛声等一个人等得流年三四轮风吹过重门深庭院幽冷一纸红笺约下累世缘分史书翻过这一页记忆封存鸳鸯锦绘下这一段孤独浮生一世长安的誓言谁还在等谁太认真梦一场她城下作画描一幅山水人..,唐七公子经典语录|名句|名言,名人名言
http://www.juzizhai.com/ju/2591.html,ul>纵浪就纵浪到底吧，我已拍案下注，你敢不敢坐庄。——简媜《四月裂帛》如果有醒不了的梦我一定去做如果有走不完的路我一定去走如果有变不了的爱我一定去求如果如果什么都没有那就让我回到宿命的泥土让懂的人懂让不懂的人不懂让世界是世界我甘心是我的茧——简媜回忆若能下酒，往事便可作一场宿醉，醒来时，天依旧清亮，..,简媜经典语录 简媜名人名言名句,名人名言
http://www.juzizhai.com/ju/2590.html,“那为什么你不哭？”“因为掉眼泪也不能让我找回它。”——辛夷坞《致我们终将逝去的青春》他即使有千般不好，万般辜负，毕竟是我爱过的人。——辛夷坞《致我们终将逝去的青春》曾经我们都以为自己可以为爱情死，其实爱情死不了人，它只会在最疼的地方扎上一针，然后我们欲哭无泪，我们辗转反侧，我们久病成医，我们百炼..,辛夷坞经典语录名言句子,名人名言
http://www.juzizhai.com/ju/2588.html,对于现代科技来说，资金设备等等固然重要，但天才的思想依然是最主要的动力。一种发现或发明可以赚到很多钱，但有了钱也未必能造出所要的发明。思索是一道大门，通向现世上没有的东西，通到现在人类想不到的地方。——王小波《思维的乐趣》人的一切痛苦，本质上都是对自己的无能的愤怒。——王小波不愿清醒，宁愿一直沉迷..,王小波经典语录 王小波名言名句句子,名人名言
http://www.juzizhai.com/ju/2586.html,我们像两颗相隔遥远的星球，在不同的轨道运行，独善其身。——夏七夕《我和你的笑忘书之蓝色气球和苏夏》我抵得住孤单和寂寞，却抵不住你在我身边的沉默。——夏七夕《我和你的笑忘书之蓝色气球和苏夏》这个世界上最残忍的一句话，不是对不起，也不是我恨你，而是，我们再也回不去。——夏七夕《我和你的笑忘书之蓝色气球..,夏七夕经典语录 夏七夕名言名言 夏七夕唯美句子,名人名言
http://www.juzizhai.com/ju/2585.html,一个人真实的自己是不是存在于独处的时刻并不是重点，而应该说，一个人无论如何都需要独处，因为独处可以释放一个人不想在其他人面前释放的能量，不管是好的能量或是坏的能量。每个人总有一些不想让别人参与的时刻，但如果硬是指称一个人私底下的自己才是真正的他，恐怕谁也不会服气。独处只不过是喘一口气，让自己在跟其..,九把刀经典语录 九把刀经典句子名言,名人名言
http://www.juzizhai.com/ju/2584.html,只是爱情，更像是邂逅一场盛景后，摆出的美丽苍凉的手势。——安意如时光太瘦，指缝太宽，不经意的一瞥，已隔经年。——安意如不是无情，亦非薄幸，只是我们一生中会遇上很多人，真正能停留驻足的又有几个？生命是终将荒芜的渡口，连我们自己都是过客。——安意如《人生若只如初见》有些人，他们的心田只能耕种一次，一次..,安意如经典语录 安意如名人名言,名人名言
http://www.juzizhai.com/ju/2583.html,给你的爱一直很安静，来交换你偶尔给的关心。——方文山《一直很安静》最美的不是下雨天，是曾与你躲过雨的屋檐。——方文山《不能说的秘密》我温了一壶乡愁，将往事喝个够——方文山《一壶乡愁》弹指岁月倾城顷刻间烟灭青石板街回眸一笑你婉约——方文山《兰亭序》我在找那个故事里的人，你是不可缺少的部分——方文山《..,方文山的名句|语录|句子 经典歌词,名人名言
http://www.juzizhai.com/ju/2582.html,那时其实尝尽真正自由，但又感到没趣。——陈奕迅《任我行》你会不会忽然的出现在街角的咖啡店我会带着笑脸挥手寒暄和你坐着聊聊天我多么想和你见一面看看你最近改变不再去说从前只是寒暄对你说一句只是说一句好久不见——陈奕迅《好久不见》这个世界最坏罪名，叫太易动情，但我喜欢这罪名。——陈奕迅《无人之境》还记得..,陈奕迅经典歌词 陈奕迅歌词句子,名人名言
http://www.juzizhai.com/ju/2581.html,世界这么大，风景那么多，但旅行的意义并不在于拍了多少照片，走了多远的路，而在于旅途中，是否找到了与往昔不一样的自己。——独木舟世界上其实根本没有感同身受这回事，针不刺到别人身上，他们就不知道有多痛。——独木舟《深海里的星星》年轻吗不要紧听过几首歌爱过几个人就老了——独木舟《深海里的星星Ⅱ》有时候站..,独木舟经典语录句子名言,名人名言
http://www.juzizhai.com/ju/2579.html,今天我忽然觉得鸳鸯藤真的像红尘中的一对情人。一朵花先开，它会等着生命中另一朵开放，是不是很像一对未曾相遇的情人？待到另一朵花开，它已变黄，此时相遇，一朵白一朵黄，白金相映，枝头共舞。日随水去，它们相携着变老，都变成了金色，最后也像生命的陨落，总会一朵更先离去，另一朵仍停留在枝头，可是停留的花仍然在..,桐华经典语录|句子|名言名句,名人名言
http://www.juzizhai.com/ju/2578.html,我学会了保持安静在凌晨偶尔睡不着的时候，怀恋这十年前那片旷野。我总算知道了，所有的热情与血液，所有的挣扎与审判，即使于这个世界有关，也一样微不足道。——笛安《妩媚航班》幸福这东西，一点都不符合牛顿的惯性定律，总是在滑行的最流畅的时候戛然而止。——笛安《告别天堂》找一样我认为重要的东西，理想也好，爱..,笛安经典语录名人名言,名人名言
http://www.juzizhai.com/ju/2576.html,下雨天的时候，我常这样祈愿：但愿世间的泪，不会下得像天上的雨那样滂沱。但愿天上的雨，不会落得如人间的泪如此污浊。但愿人人都能有阳光的伞来抵挡生命的风雨。但愿人人都能因雨水的清洗而成为明净的人。——林清玄《忧伤之雨》我也愿学习蝴蝶，一再的蜕变，一再的祝愿，既不思虑，也不彷徨；既不回顾，也不忧伤。——..,林清玄唯美句子 林清玄经典语录,名人名言
http://www.juzizhai.com/ju/2575.html,我爬到树的顶端，果然它矗立到天际，地面是一整个圆弧辽阔相接。月球巨大清晰能看见上面凹凸不平的斑点。欣喜和激动间想要高声大叫。尽管与此同时，这个奇妙的平衡的世界另一端，站在那的无知，软弱，盲目愚蠢的我，作为得用不屑口吻才能提起的反面名字。在四下鄙夷的指责中，她听见从久远年代传来的句子。‘要做一个善良..,落落经典语录 落落名人名言名句,名人名言
http://www.juzizhai.com/ju/2572.html,这一生还那样长，可是已经结束了。——匪我思存《寂寞空庭春欲晚》很多时候我们放弃，以为不过是一段感情，到了最后，才知道，原来那是一生。——匪我思存《佳期如梦》她没有做错任何事，她不过就是因为爱上他，所以比他卑微，比他渺小，被他轻篾，被他看不起，被他不珍惜……——匪我思存《佳期如梦之今生今世》我们总是..,匪我思存经典语录 匪我思存经典句子,名人名言
http://www.juzizhai.com/ju/2570.html,同伴，不一定非要走到最后，某一段路上，对方给自己带来的朗朗笑声，那就已经足够。——八月长安《你好旧时光》喜怒形于色是需要资本的。——八月长安《你好，旧时光》让一个人变强大的最好方式，就是拥有一个想要保护的人。——八月长安《你好旧时光》同情这种东西，就是在能够保全自身的情况下才会有的消遣。——八月长..,八月长安经典语录 八月长安名言名句,名人名言
http://www.juzizhai.com/ju/2569.html,孤独不是一种脾性，而是一种无奈。——余秋雨《文化苦旅》你的过去我来不及参与，你的未来我奉陪到底。——余秋雨灾难的最后恶果，是人格崩溃；崩溃的第一标志，是损毁他人。——余秋雨《吾家小史》成熟是一种明亮而不刺眼的光辉，一种圆润而不腻耳的声响，一种不再需要对别人察言观色的从容，一种终于停止向周围申诉求告..,余秋雨经典语录 余秋雨唯美句子名人名言,名人名言
http://www.juzizhai.com/ju/2472.html,像我这样的女人，总是以一个难题的形式出现在感情里。——沈从文《边城》我行过许多地方的桥，看过许多次数的云，喝过许多种类的酒，却只爱过一个正当最好年龄的人。——沈从文《湘行散记》我明白你会来，所以我等。——沈从文《雨后》有些路看起来很近走去却很远的，缺少耐心永远走不到头。——沈从文我走过许多地方的路..,沈从文经典语录摘抄,名人名言
http://www.juzizhai.com/ju/2471.html,逆风的方向 更适合飞翔——五月天《倔强》逆风的方向，更适合飞翔，我不怕千万人阻挡，只怕自己投降。——五月天《倔强》我没钱没成就但是我有梦我很狂我很疯我为自己活——五月天《别惹我》其实我们都一模一样无名却充满了莫名渴望一生等一次发光——五月天《我心中尚未崩坏的地方》命运偷走如果只留下结果时间偷走..,五月天经典歌词/歌词句子,名人名言
http://www.juzizhai.com/ju/2469.html,忽然之间你忽略的我忽略的所有细节当初的猜疑好奇爱恨痴嗔却已走远忽然之间你发现的我发现的所有改变当初的微笑眼泪喜怒哀乐都已抛在昨天我没想过再遇见的时刻所有回忆青丝成雪忽然之间你忽略的我忽略的所有细节当初的猜疑好奇爱恨痴嗔却已熹微忽然之间你发现的我发现的所有改变当初的微笑当初的微笑眼泪喜怒哀乐都已云烟..,苏打绿经典歌词句子,名人名言
http://www.juzizhai.com/ju/2468.html,只有你愿意为之而死的东西，你才能够藉之而生——周国平《善良丰富高贵》我始终相信，一切高贵的情感都羞于表白，一切深刻的体验都拙于言辞——周国平我天性不宜交际。在多数场合，我不是觉得对方乏味，就是害怕对方觉得我乏味。可是我既不愿忍受对方的乏味，也不愿费劲使自己显得有趣，那都太累了。我独处时最轻松，因为..,周国平经典语录 周国平经典句子,名人名言
http://www.juzizhai.com/ju/2467.html,一切终归有尽头，伟大的帝国也是同样。——沧月《神之右手》这个世上，每个人都是一座孤岛。——沧月《曼珠沙华》一个人如果还知道流泪、还知道痛苦，那必然就还有他要守护的东西。——沧月《镜》或许上天创造出人，就是要让你看看，这个世界可以残忍到什么地步。——沧月《护花铃》跋涉千里来向你道别在最初和最后的雪夜..,沧月经典语录 沧月名言名句,名人名言
http://www.juzizhai.com/ju/2466.html,我要用文字重建一座城市，重建我的北京——用我的北京否认如今的北京。在我的城市里，时间倒流，枯木逢春，消失的气味儿、声音和光线被召回，被拆除的四合院、胡同和寺庙恢复原貌，瓦顶排浪般涌向低低的天际线，鸽哨响彻深深地蓝天，孩子们熟知四季的变化，居民们胸有方向感。——北岛《城门开》我得感谢这些年的漂泊，使..,北岛经典语录 北岛经典诗词,名人名言
http://www.juzizhai.com/ju/2465.html,地狱和天堂都在人间，即残疾与爱情，即原罪与拯救。淫荡不是别的，是把上帝寄存于人的财富【挪作它用】。爱情，并不在伸手可得或不可得的地方，是期盼使它诞生，是言语使它存在，是信心使它不死。切莫用仇恨的苦酒来缓解热望自由的干渴。——史铁生《病隙碎笔》有些事只适合收藏。不能说，也不能想，却又不能忘。它们不能..,史铁生经典语录,名人名言
http://www.juzizhai.com/ju/2464.html,她带着她的梦想越走越远，你带着她的梦想却不敢走到她的面前。——陈绮贞《太阳演唱会吧》我提着一个简简单单的行李，要安静走出对你的狂恋。——陈绮贞《狂恋》我坐在椅子上，看日出复活；我坐在夕阳里，看城市的衰落。——陈绮贞《鱼》带不走的丢不掉的让大雨侵蚀吧让它推向我在边界奋不顾身挣扎如果有一个怀抱勇敢不计..,陈绮贞唯美歌词句子 陈绮贞伤感歌词大全,名人名言
http://www.juzizhai.com/ju/2463.html,檐水穿墙再细的痒经年也刻成伤长夜未央盲眼偏贪看远道的光作足凄凄惶惶欢愉也添演三分假相再恳请你回首就当是次最寻常赏光有人为你化竭了疯狂入妆——河图《寸缕》谁应了谁的劫，谁又变成了谁的执念——河图《凤凰劫》血染江山的画怎敌你眉间一点朱砂覆了天下也罢始终不过一场繁华——河图《倾尽天下》最后才醒悟原来爱到..,河图经典歌词,名人名言
http://www.juzizhai.com/ju/2462.html,一个经历了爱情创伤的青年，如果没有因这创伤而倒下，那就可能更坚强地在生活中站起来。——路遥钱当然很重要，这我不是不知道；我一天何尝不为钱而受熬苦！可是，我又觉得，人活这一辈子，还应该有些另外的什么才对……——路遥《平凡的世界》生活不能等待别人来安排，要自已去争取和奋斗；而不论其结果是喜是悲，但可以..,路遥名句 路遥经典语录,名人名言
http://www.juzizhai.com/ju/2461.html,"你走你的阳关道，我过我的奈河桥——金庸《鹿鼎记》阿紫问姐夫“她有什么好，我哪里及不上她，你老是想着她，老是忘不了她？”姐夫平静的答“你样样都好，样样比她强，你只有一个缺点，你不是她............”——金庸《天龙八部》各有因缘莫羡人。——金庸《笑傲江湖》那都是很好很好的,我却偏偏不喜欢......——金庸《白..",金庸经典句子 金庸经典语录,名人名言
http://www.juzizhai.com/ju/2460.html,我喜欢出发。凡是到达了的地方，都属于昨天。哪怕那山再青，那水再秀，那风再温柔。太深的流连便成了一种羁绊，绊住的不仅是双脚，还有未来。——汪国真《我喜欢出发》我不去想是否能够成功既然选择了远方便只顾风雨兼程我不去想能否赢得爱情既然钟情于玫瑰就勇敢地吐露真诚我不去想身后会不会袭来寒风冷雨既然目标是地平..,汪国真经典句子 汪国真经典语录名言名句,名人名言
http://www.juzizhai.com/ju/2459.html,你永远不知道，你是我渴望已久的晴天，你是我猝不及防的暴雨。你永远不知道，你是我赖以生存的空气，你是我难以忍受的饥饿。你永远不知道，我的爱人，你也许永远不会知道……——廖一梅《恋爱的犀牛》如果没有那么多的感动，那么多的痛苦，在狂喜和绝望的两极来来回回，活着还有什么意思呢？——廖一梅《恋爱的犀牛》每个..,廖一梅经典语录 廖一梅名言名句,名人名言
http://www.juzizhai.com/ju/2458.html,15岁觉得游泳难，放弃游泳，到18岁遇到一个你喜欢的人约你去游泳，你只好说“我不会耶”。18岁觉得英文难，放弃英文，28岁出现一个很棒但要会英文的工作，你只好说“我不会耶”。人生前期越嫌麻烦，越懒得学，后来就越可能错过让你动心的人和事，错过新风景。蔡康永——蔡康永《给残酷社会的短信》15岁觉得游泳难，放弃游..,蔡康永经典语录,名人名言
http://www.juzizhai.com/ju/2457.html,我有神经病，一点也不假，我永不否认，但什么事我也清楚，鲁胜利靠什么当上了市长我也清楚，但我不告诉你们。她继承了我五姐的体魄但她比我五姐既有风度又有派头，果然是一代更比一代强。她平时走路昂首挺胸，像大洋马一样。一个大脑袋的中年男人从直升飞机肚子里钻出来。——莫言《丰乳肥臀》世界上的事情，最忌讳的就是..,莫言经典语录 莫言名人名言,名人名言
http://www.juzizhai.com/ju/2456.html,和我斗你至少要懂七十二变金箍棒始终盘桓在我指尖——许嵩《齐天大圣》很少有人承认自己的嫉妒心，因为这种心态很难自察。有时你嫉妒一个人，倒未必是觉得其完全没有才能，而是觉得其才能与其取得的名利不相配——总之，这厮运气好。其实，不必这样想，别人暗中吃过的苦头，你永远不知道，就算知道，你也未必吃的下去。.—..,许嵩经典歌词,名人名言
http://www.juzizhai.com/ju/2453.html,也许有那么一个时侯，你忽然会觉得很绝望，觉得全世界都背弃了你，活着就是承担屈辱和痛苦。这个时候你要对自己说，没关系，很多人都是这样长大的。风平浪静的人生是中年以后的追求。当你尚在年少，你受的苦，吃的亏，担的责，扛的罪，忍的痛，到最后都会变成光，照亮你的路。——饶雪漫我还是相信，星星会说话，石头会开..,饶雪漫经典语录 饶雪漫名人名言 饶雪漫唯美句子,名人名言
http://www.juzizhai.com/ju/2452.html,偶尔他们的船驶过一个孤立的茅屋，只见那茅屋高高在上侧身而立，背负青天，有时看见樵夫砍柴。看那茅屋孤零零立在那里，足可证明居住的人必然是赤贫无疑，小屋顶仅仅盖着木板，并无瓦片覆盖。苏东坡正在思索人生的劳苦，忽然瞥见一只苍鹰在天空盘旋得那么悠然自在，似乎丝毫不为明天费一些心思，于是自己盘算，为了功名利..,林语堂名言 林语堂经典语录,名人名言
http://www.juzizhai.com/ju/2451.html,每个人都会经过这个阶段，见到一座山，就想知道山后面是什么。我很想告诉他，可能翻过山后面，你会发现没什么特别。回望之下，可能会觉得这一边更好。——王家卫《东邪西毒》从小我就懂得保护自己，我知道要想不被人拒绝，最好的办法就是先拒绝别人。——王家卫《东邪西毒》虽然我很喜欢她，但始终没有告诉她。因为我知道..,王家卫经典电影台词,名人名言
http://www.juzizhai.com/ju/2337.html,撒谎往往是高兴快乐的流露，也算得一种创造，好比小孩子游戏里的自骗自。一个人身心畅适，精力充溢，会不把顽强的事实放在眼里，觉得有本领跟现状开玩笑。真到有还穷困的时候，人穷智短，谎话都将不好的。——钱钟书《围城》天下只有两种人。比如一串葡萄到手，一种人挑最好的先吃，另一种人把最好的留到最后吃。照例第一..,钱钟书名人名言 钱钟书经典语录,名人名言
http://www.juzizhai.com/ju/2336.html,神玉对紫苏说:“只要你要，只要我有，我通通给你。”——天籁纸鸢《神玉》我教会自己喜欢的人学会如何去爱，只可惜……他爱的那个人不是我。——天籁纸鸢《琼觞》与其车尘马足，高官厚禄，不如行扁舟，赏垂柳。笑看人生，一世风流。——天籁纸鸢《犹记斐然》曾听人说，回忆是一座桥，却是通向寂寞的牢.——天籁纸鸢《天神..,天籁纸鸢经典语录 天籁纸鸢名人名言,名人名言
http://www.juzizhai.com/ju/2335.html,都有一份孤独，再繁华的热闹，有一颗冷心观红尘，但唯独他，一眼洞穿你的清寂你的凉，一眼明白这世间所有的繁华，不过是你和他身边的过眼云烟。他会在众人之间一眼看到你，然后读懂你，明白你，不似爱情，胜似爱情。一生，只想为你沉沦，独守一份暖，你的天涯就是我的执念，将思念结成一枚枚透明的茧儿，悬挂于花园里枯涩..,雪小禅经典语录 雪小禅经典语句,名人名言
http://www.juzizhai.com/ju/2334.html,正因为没有成为现实，所以永远留有继续美好的余地。——九夜茴《风不飘摇，云不飘曳年轻时我们总是在开始时毫无所谓，在结束时痛彻心扉。而长大后成熟的我们可能避免了幼稚的伤害，却也错过了开始的勇气。——九夜茴《匆匆那年》其实做好朋友挺好的，可进可退，永远处于不会被伤害的位置。——九夜茴《匆匆那年》寂寞面前..,九夜茴经典语录 九夜茴名人名言,名人名言
http://www.juzizhai.com/ju/2333.html,生命总是要比死亡美一些。——南派三叔《沙海2》用我一生换你十年天真无邪。——南派三叔《盗墓笔记》有些面具戴得太久，就摘不下来了。——南派三叔《盗墓笔记》吴邪：“如果你需要一个人陪你走到最后，我是不会拒绝的。”——南派三叔《盗墓笔记》你要是消失，至少我会发现。——南派三叔《盗墓笔记》张起灵：“我是一个..,南派三叔经典语句|语录,名人名言
http://www.juzizhai.com/ju/2332.html,泥土和天才比，当然是不足齿数的，然而不是坚苦卓绝者，也怕不容易做；不过事在人为，比空等天赋的天才有把握。这一点，是泥土的伟大的地方，也是反有大希望的地方。——鲁迅贪安稳就没有自由，要自由就要历些危险。只有这两条路。——鲁迅做一件事，无论大小，倘无恒心，是很不好的。——鲁迅其实地上本没有路，走的人多..,鲁迅名人名言  鲁迅经典语录语句,名人名言
http://www.juzizhai.com/ju/2331.html,你曾经给了我一道伤疤，在眉心；你曾经给了我一记耳光，在脸上；现在，你给了我一辈子的内疚和挂念，在胸膛。我可以再也不照镜子，忘记这道伤疤；我可以不去回忆，忘记这记耳光；但是如何让我自己的心脏不再跳动，来遗忘这辈子对你的挂念和内疚？——乐小米《梧桐那么伤》如若不是为了一个人，谁肯枯守一座城。城市和爱情..,乐小米经典语录,名人名言
http://www.juzizhai.com/ju/2329.html,我如果爱你——绝不像攀援的凌霄花，借你的高枝炫耀自己：我如果爱你——绝不学痴情的鸟儿，为绿荫重复单调的歌曲；也不止像泉源，常年送来清凉的慰藉；也不止像险峰，增加你的高度，衬托你的威仪。甚至日光。甚至春雨。不，这些都还不够＊—舒婷《致橡树》我如果爱你——绝不像攀援的凌霄花，借你的高枝炫耀自己；我如果..,舒婷经典语录 舒婷经典句子,名人名言
http://www.juzizhai.com/ju/2330.html,一个诚实的车夫或工人一定强于一个贪官污吏——老舍雨下给富人也下给穷人下给义人也下给不义的人其实雨并不公道因为下落在一个没有公道的世界上——老舍《骆驼祥子》生活是种律动，须有光有影，有左有右，有晴有雨，滋味就含在这变而不猛的曲折里。——老舍《小卜老舍先生说：“人，即使活到七八十岁，有母亲在，多少还可..,老舍经典语录 老舍经典句子,名人名言
http://www.juzizhai.com/ju/2328.html,"由预想进行于实行，由希望变为成功，原是人生事业展进的正道。——丰子恺不乱于心，不困于情。不畏将来，不念过往。如此，安好。——丰子恺《不宠无惊过一生》心小了，所有的小事就大了；心大了，所有的大事都小了；看淡世事沧桑，内心安然无恙。——丰子恺不乱于心,不困于情.不畏将来,不念过往.如此,安好!深谋若谷,深交若..",丰子恺经典语录,名人名言
http://www.juzizhai.com/ju/2327.html,"情深深.雨蒙蒙多少楼台烟雨中记得当初,你侬我侬车如流水马如龙尽管狂风平地起美人如玉剑如红情深深,雨蒙蒙世界只在你眼中相逢不晚,为何匆匆山山水水几万重一曲高歌千行泪情在回肠荡气中情深深,雨蒙蒙天也无尽无穷高楼望断,情有独钟盼过春夏秋冬盼来盼去盼不尽天涯何处是归鸿——琼瑶《情深深雨蒙蒙》等了一辈子，恨了一辈..",琼瑶经典语录 琼瑶唯美文字,名人名言
http://www.juzizhai.com/ju/2326.html,我不稀罕你的抱歉，我不稀罕你说你对我很亏欠，我要的就是这样的对等关系，一段感情里，我们实实在在的爱过对方，到结尾时，也实实在在的恨上了对方，你不仁我不义，我要你知道，我们始终势均力敌。——鲍鲸鲸《失恋33天》感谢命运让我们这样结束，不用对我觉得抱歉，我不稀罕你的抱歉，我不稀罕你说你对我很亏欠，我要的..,鲍鲸鲸经典语录,名人名言
http://www.juzizhai.com/ju/2325.html,远行是为了回归，自由是因为牵挂。——杨澜有人会问，女孩子上那么久的学、读那么多的书，最终不还是要回一座平凡的城，打一份平凡的工，嫁作人妇，洗衣煮饭，相夫教子，何苦折腾？我想，我们的坚持是为了，就算最终跌入繁琐，洗尽铅华，同样的工作，却有不一样的心境，同样的家庭，却有不一样的情调，同样的后代，却有不..,杨澜经典语录 杨澜经典句子,名人名言
http://www.juzizhai.com/ju/2324.html,只剩飘飘的清风，只剩悠悠的远钟。眼底是靡人间了，耳根是靡人间了——朱自清《独自》学习文学而懒于记诵是不成的，特别是诗。一个高中文科的学生，与其囫囵吞枣或走马观花地读十部诗集，不如仔仔细细地背诵三百首诗。——朱自清洗手的时候，日子从水盒进而过去；吃饭的时候，日子从饭碗里过去。我觉察他去的匆匆了，伸出..,朱自清经典语录,名人名言
http://www.juzizhai.com/ju/2323.html,不要自视清高；2、不要盲目承诺；3、不要轻易求人；4、不要强加于人；5、不要取笑别人；6、不要信口开河；7、不要小看仪表；8、不要乱发脾气；9.、不要封闭自己；10、不要欺负老实人。——周立波因为有了因为，所以有了所以。既然已成既然，何必再说何必。——周立波《因为》不怕在自己的梦想里跌到，只怕在别人的奇迹中迷..,周立波经典语录 周立波名人名言,名人名言
http://www.juzizhai.com/ju/2322.html,“骨头，不要死，听我的话，不要死。就算这世上没人爱，你也要好好爱自己……”——fresh果果《花千骨》一步一微笑，一步一伤心，一步一劫难，尽管记忆再悲伤，我却笑着，不愿遗忘。——fresh果果《花千骨》杀千陌：白子画，你若敢为你门中弟子伤她一分，我便屠你满门，你若敢为天下人损她一毫，我便杀尽天下人。——fres..,fresh果果经典语录 fresh果果名人名句,名人名言
http://www.juzizhai.com/ju/2320.html,要追一个距离你那么远的女孩，就该不惜工本，不怕失败。成功了是你赚到了，失败了是理所当然，得之我幸失之我命嘛。——江南《龙族》因为不爱，所以都错。——江南《龙族》有些路你和某人一起走，就长得离谱，你和另外一些人走，就短得让人舍不得迈开脚步。——江南《龙族》Somethingfornothing。（拿什么珍贵的东西换回了..,江南经典语录句子,名人名言
http://www.juzizhai.com/ju/2319.html,善有善因，恶有恶报，天理循环，天公地道，我曾误抓龙鸡，今日皇上抓我，实在抓得有教育意义，我对皇上的景仰之心，有如滔滔江水绵绵不绝，又有如黄河泛滥，一发不可收拾。——周星驰《鹿鼎记》曾经痛苦，才知道真正的痛苦；曾经执著，才能放下执著；曾经牵挂，才能了无牵挂。——周星驰《西游·降魔篇》美好的爱情就是一..,周星驰经典台词 周星驰经典语录,名人名言
http://www.juzizhai.com/ju/2318.html,做生活的导演，不成。次之，做演员。再次之，做观众。——木心《文学回忆录》很多人的失落，是违背了自己少年时的立志。自认为成熟、自认为练达、自认为精明，从前多幼稚，总算看透了、想穿了。于是，我们就此变成自己年少时最憎恶的那种人。——木心《鱼丽之宴》记得早先少年时大家诚诚恳恳说一句是一句清早上火车站长街..,木心经典语录 木心名人名言,名人名言
http://www.juzizhai.com/ju/2316.html,功夫常常是会负有心人的；功夫负不负有心人本该没有那么重要的，“有心”的价值是不能用“负不负”来衡量的。——刘瑜《送你一颗子弹》年少的时候，我觉得孤单是很酷的一件事情。长大以后，我觉得孤单是很凄凉的一件事。现在，我觉得孤单不是一件事。至少，努力不让它成为一件事。——刘瑜《一个人要像一支队伍》年纪不小..,刘瑜经典语录,名人名言
http://www.juzizhai.com/ju/2205.html,我们是活生生的人，我们不是小说，我们要朝朝暮暮，我们要活在同一个时间，我们要活在同一个空间，我们要相厮相守，相牵相挂，于是我放弃飞腾，回到人间，和一切庸俗的人同其庸俗。如果相爱的结果是我们平凡，让我们平凡。——张晓风《从俗》树在，山在，大地在，岁月在，我在，你还要怎样更好的世界＊—张晓风《我在》爱..,张晓风经典语录 张晓风名人名言,名人名言
http://www.juzizhai.com/ju/2203.html,世界上有许多圈子，其中的一些我注定无法融入，其中一些人的心我注定无法走入。——夏茗悠《再见，冥王星》如果说这世上还有属于我的温暖，那么就是你温柔而漫长的声息。——夏茗悠《声息》1个宇宙，8大行星，204个国家，809个岛屿，7个大洋，我竟如此幸运，可以遇到你。——夏茗悠你听说过么？如果太阳此刻熄灭光芒，地球..,夏茗悠经典语录,名人名言
http://www.juzizhai.com/ju/2202.html,我想留下来陪你生活一起吃点苦再享享福我想留下来陪你生活幸福不要多只要我心感觉够我想留下来陪你生活一起流点汗再唱唱歌我想留下来陪你生活故事不要多只要精彩就足够——张悬《留下来陪你生活》在所有不被想起的快乐里，我最喜欢你。在所有人事已非的景色里，我最喜欢你。——张悬《喜欢》深深的话要浅浅地说，长长的路..,张悬经典语录,名人名言
http://www.juzizhai.com/ju/2200.html,昨天忽然想起“未亡人”三个字，古代没了丈夫的女子这样称呼自己，现在没人这么叫了。很缠绵俳侧的三个字，仿佛有无限的故事在里面。我只是还没死而已＊—南康白起《浮生六记》我可以长大，可以像许多人一样，找个合适的人过下去，或许不是很喜欢，可是日子久了，彼此之间总能培养出一点真情，或者很轻易的说分手，重新再..,南康白起经典语录,名人名言
http://www.juzizhai.com/ju/2198.html,一个人若有很深的心机，很大的阴谋，就绝不会做错事。——古龙《流星·蝴蝶·剑》喜欢笑的女孩，运气不会太差。——古龙对于没有将来的感情，在最美丽的时候停止是最美丽的，但很少人知道这个秘密，结果只会摧毁了那份最美丽的回忆。——古龙你愈下决心不思念对方，就会愈思念对方，因为决心不思念对方正是思念对方。——..,古龙经典语录 古龙名人名言名句,名人名言
http://www.juzizhai.com/ju/2197.html,话到七分，酒至微醺；笔墨疏宕，言辞婉约；古朴残破，含蓄蕴藉，就是不完而美的最高境界。——刘墉《萤窗小语》原来那一切都是这么平凡，这么不必大惊小怪。于是，你才可以用平常心去面对这些人世的现象。——刘墉《你不可不知的人性》我们可以转身，但是不必回头，即使有一天，发现自己错了，也应该转身，大步朝着对的方..,刘墉经典语录 刘墉名人名言,名人名言
http://www.juzizhai.com/ju/2195.html,太玄了，缘来，不相干的两个人走在一起。她当初不过碰到什么是什么，谁晓得是他呢?如果是另一个男人……何以选中了他？是的，无论如何，人人都被动，做不了主。——李碧华《青蛇》等待，不是为了你能回来，而是找个借口不离开。——李碧华《只是蝴蝶不愿意》谁敢说，一见钟情，与色相无关？——李碧华《青蛇》开心的时候要..,李碧华经典语录台词,名人名言
http://www.juzizhai.com/ju/2194.html,"纷纷落叶飘向大地，白雪下种子沉睡，一朵花开了又迅速枯萎，在流转的光的阴影中，星图不断变幻，海水中矗起高山，草木几百代的荣枯，总有一片片的迎风挺立，酷似它们的祖先。——今何在《悟空传》也许每个人出生的时候都以为这世界都是为他一个人而存在的,当他发现自己错的时候,他便开始长大.——今何在《悟空传》我要这天..",今何在经典语录,名人名言
http://www.juzizhai.com/ju/2192.html,如同殊途同归，伟大的作家都以自己独特的姿态走上了自己独特的文学道路，然后汇集到了爱与恨、生与死、战争与和平等等这些人类共同的主题之上。所以文学的存在不是为了让人们彼此陌生，而是为了让人们互相熟悉。我曾经说过，如果文学真的存在某些神秘的力量，那就是让读者在属于不同时代、不同民族和不同文化的作品里，读..,余华经典语录,名人名言
http://www.juzizhai.com/ju/2190.html,"姐姐虽然相貌平平，但越是这样的姑娘心里越容易春意盎然，然后做出引狼入室的事情。——冯唐《十八岁给我一个姑娘》春水初生,春林初盛,春风十里,不如你。——冯唐《三十六大》实在放不下的时候，去趟重症病房或者墓地，你容易明白，你已经得到太多，再要就是贪婪，时间太少，好玩儿的事儿太多，从尊重生命的角度，不必纠缠..",冯唐经典语录 冯唐名言名句,名人名言
http://www.juzizhai.com/ju/2189.html,人们常常感慨，缺乏信仰，缺乏道德。其实还缺了一样东西，那就是正常的趣味。习惯了撕心裂肺的表演，领略不了含蓄的妙处；习惯了声嘶力竭的话语，欣赏不了恬淡的文风。久而久之，肉麻就会变成有趣。——慕容雪村这就是我的角色：此之蜜糖，彼之砒霜，虎狼面前我是麋鹿，麋鹿面前我是猎枪。而生命不过是一场注定惨败的棋局..,慕容雪村经典语录,名人名言
http://www.juzizhai.com/ju/2187.html,金瓯已缺总须补，为国牺牲敢惜身。——秋瑾若无子期耳，总负伯牙心。——秋瑾《咏琴志感》芸芸众生，孰不爱生？爱生之极，进而爱群。——秋瑾水激石则鸣，人激志则宏。——秋瑾身不得，男儿列，心却比，男儿烈＊—秋瑾《满江红·小住京华》秋风秋雨愁煞人。——秋瑾死生一事付鸿毛，人生到世方英杰。——秋瑾画工须画云中..,秋瑾名人名言 秋瑾经典句子,名人名言
http://www.juzizhai.com/ju/2186.html,最怕空气突然安静，最怕朋友突然的关心，最怕回忆突然翻滚，绞痛着不平息，最怕突然听到你的消息，最怕此生已经决定自己过，没有你却又突然，听到你的消息。——阿信《突然好想你》就算这个世界被冰雪染白，我也会在世界的某一处为你倔强的绿着——阿信命运偷走如果只留下结果。时间偷走初衷只留下了苦衷。——阿信《星空..,陈信宏经典语录,名人名言
http://www.juzizhai.com/ju/2184.html,一帆风顺也是一种乏味。主要还是要看结局，结局可观，过程有些起伏将来都是谈资。——王朔我曾经以为日子是过不完的，未来是完全不一样的。现在，我就呆在我自己的未来，我没有发现自己有什么真正的变化，我的梦想还像小时候一样遥远，唯一不同的是我已经不打算实现它了。——王朔你必须只有内心丰富，才能摆脱这些生活表..,王朔名人名言 王朔经典语录,名人名言
http://www.juzizhai.com/ju/2179.html,非读万国之书，则不能读一国之书。”要知道中国以外还有世界，了解世界才能为中国定位、才能了解中国，”孔子之教，非徒治一国，乃以治天下”。因此为学当”求治天下之理”。知识分子要求得此理而努力”成大丈夫”，”以大儒定大乱”，这才是读书上学的目的。——李敖《北京法源寺》花开可要欣赏，然后就去远行。唯有不等..,李敖经典语录 李敖名人名言,名人名言
http://www.juzizhai.com/ju/2180.html,初恋通常是最美的，因为你赋予了对方你心目中最完美的理想。可是等长大了，遇到各种各样的人之后，你才会明白那段感情对你的意义。可能只是一场可笑的梦境，醒来之后什么都没有，也可能是一辈子的怀念。我们都忘记了，以后的岁月还有那么漫长，漫长到我可以重新喜欢上一个人，就像当初喜欢一样。——笙离《一个人的欢喜与..,笙离经典语录,名人名言
http://www.juzizhai.com/ju/2177.html,风和云朵都变得抒情起来。——张悦然《葵花走失在1890》记忆如此之美，值得灵魂为之粉身碎骨。——张悦然你就在我的左边，在我的右边，在我的无处不在的世界里。——张悦然《樱桃之远》真正的爱是，无论这个人伤了你还是害了你，你都依然爱。——张悦然那个男孩我爱着将他嵌进骨头里甚至为每一个疼出的裂缝而骄傲——张悦..,张悦然经典语录,名人名言
http://www.juzizhai.com/ju/2176.html,爱情是不需要紧迫盯人的，它应该给爱人足够的信任感。其实有时候，该来的总会来，而要走的总会走，不是你想守就能够守住的。而信任恰恰是一种最好的历练，能看清楚一个人的本质。所谓相爱，其实就是你给他信任，而他能回报你信心。——陆琪没胸的人，才喜欢用力挤沟。大胸的人，根本不屑露给别人看。心存不轨的人，才总把..,陆琪经典语录 陆琪名言,名人名言
http://www.juzizhai.com/ju/2174.html,默然相爱寂静欢喜——扎西拉姆·多多《班扎古鲁白玛的沉默》你见，或者不见我我就在那里不悲不喜你念，或者不念我情就在那里不来不去你爱，或者不爱我爱就在那里不增不减你跟，或者不跟我我的手就在你手里不舍不弃来我的怀里，或者让我住进你的心里默然相爱寂静欢喜——扎西拉姆·多多《班扎古鲁白玛的沉默》谁泼墨这样浓..,扎西拉姆·多多经典语录,名人名言
http://www.juzizhai.com/ju/2173.html,金钱可以使人卑微，也可以使人卑贱，可以使人高傲，却无法使人高贵。——李嘉诚当你放下面子赚钱的时候，说明你已经懂事了。当你用钱赚回面子的时候，说明你已经成功了。当你用面子可以赚钱的时候，说明你已经是人物了。当你还停留在那里喝酒、吹牛，啥也不懂还装懂，只爱所谓的面子的时候，说明你这辈子也就这样了。——..,李嘉诚经典语录 李嘉诚经典名言 李嘉诚经典句子,名人名言
http://www.juzizhai.com/ju/2052.html,我多想雨中听不见你的回答，它却那么清楚埃——李宗盛《一夜长大——梁静茹》等你发现时间是贼了它早已偷光你的选择爱恋不过是一场高烧思念是紧跟着的好不了的咳是不能原谅却无法阻挡恨意在夜里翻墙时空空荡荡却嗡嗡作响谁在你心里放冷枪旧爱的誓言像极了一个巴掌每当你记起一句就挨一个耳光然后好几年都闻不得闻不得女人..,李宗盛经典歌词,名人名言
http://www.juzizhai.com/ju/2051.html,就像过去的那几年一样，我们曾经靠得那么近，但终究无法到达。似乎永远也不知道要到哪里去找寻。——蓝淋《无处可寻》他除了不属于我之外，什么都很好。——蓝淋《迟爱》人好像都习惯于对爱自己的人残忍。对为自己赴汤蹈火的人无动于衷，为对自己无动于衷的人赴汤蹈火。从前我只伤别人的心，从不知道被伤心是什么滋味。这..,蓝淋名言名句 蓝淋语录 蓝淋经典句子,名人名言
http://www.juzizhai.com/ju/2049.html,我纵然笔可生花，一纸能写尽天下，却也写不出你我之间相欠的圆满，我那么溺爱悲剧，大概就是因为你从来不曾给我欢喜。——语笑嫣然《墨心》我们还不曾踏遍万水千山。我们还不曾看尽沧海桑田。有那么多的来不及。——语笑浅嫣《九国三生叹》谢谢你，你对我的情意是厚爱。也是错爱。我无福消受，亦偿还不起。——语笑浅嫣《..,语笑嫣然经典语录,名人名言
http://www.juzizhai.com/ju/2048.html,女人结婚靠直觉，男人结婚靠自觉...——朱德庸《摇摆涩女郎》你的好对别人来说就像一颗糖，吃了就没了；你的坏对别人来说就像一个疤痕，留下就永久在，这就是人性——朱德庸高难度的爱情，是月色、诗歌、三十六万五千朵玫瑰，加上永恒；高难度的婚姻，是账簿、证书、三十六万五千次争吵，加上忍耐；高难度的人生，是以上两..,朱德庸名言 朱德庸名句 朱德庸语录,名人名言
http://www.juzizhai.com/ju/2046.html,在生活中，每个人都应当是春晖，给别人以温暖。在今天，人与人之间的关系，更应该如此。朋友之间，待之以诚，肝胆相照，不就是相互照耀，相互温暖吗？——茅盾过去的，让它过去，永远不要回顾；未来的，等来了时再说，不要空想；我们只抓住了现在，用我们现在的理想，做我们所应该做的。——茅盾命运，不过是失败者无聊的..,茅盾经典句子 茅盾名人名言,名人名言
http://www.juzizhai.com/ju/2045.html,喝罢黄河之水天上来酒醒杨柳残月且偷欢唱罢笑傲江湖祭沧海雁渡寒潭有几只回还——高晓松《刘欢好风长吟》我们这个行业，卖身卖艺卖青春，用欢笑泪水，献爱与自由。从未巧取豪夺，鱼肉乡里，干过什么伤天害理之事。演好了，鞠躬拜票谢观众，演砸了，诚惶诚恐不成眠。顶三五载虚浮名，挣七八吊养老钱。终归零落成泥，随风散..,高晓松经典语录 高晓松名言名句,名人名言
http://www.juzizhai.com/ju/2044.html,常常问题是提出了，但还不能解决，就是因为还没有暴露事物的内部联系——毛泽东多少事，从来急；天地转，光阴迫。一万年太久，只争朝夕。——毛泽东人有病，天知否？——毛泽东《贺新郎·赠杨开慧》天若有情天亦老，人间正道是沧桑。——毛泽东《人民解放军占领南京》西风烈，长空雁叫霜晨月，霜晨月，马蹄声碎，喇叭声咽..,毛主席语录 毛泽东名言 毛泽东诗词句子,名人名言
http://www.juzizhai.com/ju/2043.html,比起进化论，我还是更喜欢相对论。任何存在都是相对的，没有绝对的强者，也没有绝对的弱者，我们只有自己。——裟椤双树《浮生物语无相》没有爱的人，身边纵然热闹蜂拥，终是寂寞不去，有爱的人，天涯浪迹，穿风踏雪，却从不曾孤独。——童玲《浮生物语》我信命，不认命。——童玲《浮生物语》伤口不管有多重，总有痊愈的..,裟椤双树名言 裟椤双树经典语录,名人名言
http://www.juzizhai.com/ju/2042.html,每个人都有成功的机会就看你给不给自己机会——马云永远不要跟别人比幸运，我从来没想过我比别人幸运，我也许比他们更有毅力，在最困难的时候，他们熬不住了，我可以多熬一秒钟、两秒钟。——马云今天很残酷明天更残酷后天很美好——马云创业首先是去做，想多了没用，光想不做那是乌托邦。很多时候创业者因为自己搞不清楚..,马云语录 马云经典句子 马云语录大全,名人名言
http://www.juzizhai.com/ju/2040.html,不懂什么是思念是种望眼欲穿——王筝《一切都没发生》岁月会掩盖所有伪装的完美留最真实你我面对面——王筝《降落煞我一直在努力往前走要把一路风景都看过——王筝《一直》这城市的街道在清晨看着好像没有答满的试卷零落的车子和沉默的人不及格一般的可怜——王筝《西安爱情故事》你的肖像是我生命的书签留住了每一个永恒..,王筝经典歌词,名人名言
http://www.juzizhai.com/ju/2039.html,爱真理，忠实地生活，这是至上的生活态度。没有一点虚伪，没有一点宽恕，对自己忠实，对别人也忠实，你就可以做你自己的行为的裁判官。——巴金人们躺下来，取下他们白天里戴的面具，结算这一天的总账。他们打开了自己的内心，打开了自己的“灵魂的一隅”，那个隐秘的角落，他们悔恨、悲泣。为了这一天的浪费，为了这一天..,巴金经典语录,名人名言
http://www.juzizhai.com/ju/2038.html,一个民族如果没有出息，不是因为女人在数量上太多，而是因为男人在质量上太劣⋯⋯——梁晓声《润心集》＂文化＂可以用四句话表达：植根于内心的修养；无需提醒的自觉；以约束为前提的自由；为别人着想的善良。——梁晓声男孩儿成长为一个男人的时候，总想要离开家；女孩儿成长为一个女人的时候，总想要建立一个..,梁晓声名人名言,名人名言
http://www.juzizhai.com/ju/2036.html,青年盲目而又不盲目，在平时他不免盲目，但在非常时期他永远是不盲目的。——闻一多《可怕的冷静》人家说了再做，我是做了再说，人家说了也不一定做，我是做了也不一定说——闻一多《死水》闻一多这是一沟绝望的死水，清风吹不起半点漪沦。不如多扔些破铜烂铁，爽性泼你的剩菜残羹。也许铜的要绿成翡翠，铁罐上锈出几瓣桃..,闻一多经典语句,名人名言
http://www.juzizhai.com/ju/2035.html,尘世是不会轻易让一个人孤独的，群居需要一种平衡，嫉妒引发的诽谤，羞辱，打击和迫害。你若不再脱颖，你将平凡，你若继续走，终于使众生无法超越了，众生便尊你为神圣，神圣才是真正的孤独。——贾平凹我是不想让某种生活方式成为生存惯性的，因为我要能随时地跳出来。但是我对你想念情感总如岩下的泉一样，滴滴点点很快..,贾平凹名言名言 贾平凹名人名言|句子|语录,名人名言
http://www.juzizhai.com/ju/2034.html,我不过等一名前来结发牵手的人，结结实实的伴着走上一程。并无意谈几场惨淡，不知下落的恋或是爱。日头将依旧东起西落，书红书绿，寒交暑，昼替夜，聚复散，谁没有了谁不行。——匡匡《时有女子》我一生渴望被人收藏好，妥善安放，细心保存。免我惊，免我苦，免我四下流离，免我无枝可依。但那人，我知，我一直知，他永不..,匡匡经典语录 匡匡名言,名人名言
http://www.juzizhai.com/ju/2033.html,我得的是一种离太阳很近的玻因为是太阳公公的好邻居，想喝热奶茶的时候只要把茶杯放在他老人家的额头上烤一下就可以了。——小楼《为安格的雪样年华》每个人心里都有一个秘密花园，种满了从来不打算说出去的话。——小楼《你眼底的海寂静无声》生命是一个过程，可悲的是它不能重来，可喜的是它无需重来。——小楼《十六岁..,小楼名人名言 小楼经典句子,名人名言
http://www.juzizhai.com/ju/2032.html,关于她，她们，不再说别的。一种东西一旦不能忘记，也就再不会被我提起。——郁达夫曾因酒醉鞭名马，生怕情多累美人。——郁达夫《钓台题壁》可是色彩不浓，回味不永。比起北国的秋来，正象是黄酒之与白干，稀饭之与馍馍，鲈鱼之与大蟹，黄犬之与骆驼。——郁达夫《故都的秋》象花而又不是花的那一种落蕊，早晨起来，会铺..,郁达夫名言 郁达夫语录 郁达夫经典句子,名人名言
http://www.juzizhai.com/ju/2031.html,音乐最大的好处，是能让人有个地方躲起来。——田原同一条街，却被不同的人经历，时间隔开我们，偷着残忍。几千年前，我们都不是我们，也许是这街上的一草一木，或者一碗泡馍，所以才会隐约觉得似曾相识......——田原心情就像毛毛虫变蝴蝶，自己想明白了，时间也到了，才能起飞。——田原每一次嘲笑，贬低或者鄙夷他人，..,田原名言 田原经典语录,名人名言
http://www.juzizhai.com/ju/2030.html,也曾想过忘怀。可否以意志来忘怀？我会忘记你吗？或者忘怀不是忘记，而是记起想起你的时候，已经无关重要了。再见到你也不会惊动，不见也不挂念。——黄碧云《无爱纪》如果有天我们湮没在人潮之中，庸碌一生，那是因为我们没有努力要活得丰盛。——黄碧云《她是女子，我也是女子》在这难以安身的年代，岂敢奢言爱。——黄..,黄碧云语录 黄碧云名言,名人名言
http://www.juzizhai.com/ju/2029.html,下功夫叫自己心理上松动，保管叫你有好成绩。紧张对什么事都有弊无利。……存着“我尽我心”的观念，一紧张就马上叫自己宽驰，对付你的精神要像对付你的手与指一样，时时刻刻注意放松。——傅雷《傅雷家书》人一辈子都在高潮——低潮中浮沉，唯有庸碌的人，生活才如死水一般。——傅雷“人一辈子都在高潮-低潮中浮沉，惟有..,傅雷经典语录 傅雷名言,名人名言
http://www.juzizhai.com/ju/1949.html,一个成功的女人，背后一定站着无数个男人。一个成功的男人，背后一定有一个默默支持的女人。要成为那样的女人，得要手腕和心思的。我们好像都不是那样的女人，所以，我们才有时间在华灯初上时分，压马路，吃烤串，迎面风吹来，有点凉，但很舒服。——赵格羽《一辈子做女人》男人无所谓正派，正派是因为受的诱惑不够大，女..,赵格羽名言 赵格羽经典语录,名人名言
http://www.juzizhai.com/ju/1948.html,在没有爱上自己、爱上生命以前，只是如饥似渴地从外在世界寻找爱，找到的只有无尽的矛盾和空虚。——吴淡如《昨日历历晴天悠悠》当你遇到一个人之后才发现，自己心里有一个空缺的地方，开始期待有人来填补，或者，发现自己原来非常非常孤独，那么，那就是你逃不过的感情。——吴淡如《没有在一起，也好》不是所有的相遇都..,吴淡如经典语录 吴淡如名人名言,名人名言
http://www.juzizhai.com/ju/1947.html,故乡存留了我们的童年，或者还有青年和壮年，也就成了我们生命的一部分，成了我们自已。它不是商品，不是旅游的去处，不是按照一定价格可以向任何顾客出售的往返车票和周末消遣节目。中国的“悲”含有眷顾之义，美使人悲，使人痛，使人怜，这已把美学的真理揭示无余。在这个意义上来说，任何旅游景区的美都多少有点不够格..,韩少功名言 韩少功经典语录,名人名言
http://www.juzizhai.com/ju/1946.html,快乐悲伤，被你左右。——伊能静《一千遍我爱你》如果有一天，时间告诉我们爱情已经死亡，我也会欣然地接受，因为我知道我对爱的义无反顾，那一种纯粹，放弃自我，是我对爱最大的能量。所以如果有一天必须结束，我也会感激，我曾尽心尽力地去爱过。——伊能静《爱的练习本》所有的板砖都可以成为我接近真理的垫脚石。所有..,伊能静经典歌词 伊能静名言,名人名言
http://www.juzizhai.com/ju/1945.html,她什么都不记得了，却记住了我的不好。——张艺谋《归来》九月九酿新酒，好酒处在咱的手。好酒，喝了咱的酒，上下通气不咳嗽;喝了咱的酒，滋阴壮阳嘴不臭;喝了咱的酒，一人敢走青刹口;喝了咱的酒，见了皇帝不磕头。一四七，三六九，九九归一跟我走。——张艺谋《红高粱》后来，我把高粱铺平了，她就躺下了，躺下我就痛快了..,张艺谋名言 张艺谋经典语录,名人名言
http://www.juzizhai.com/ju/1944.html,为什么最吓人的东西也会是最诱人的东西呢?那时她分辨不清她是因为渴望成为英雄而幻想去躺在铡刀下，还是越怕躺在铡刀下就越想躺在铡刀下。——铁凝《大浴女》不过你知道吗，在这个世界上，能用钱买到的东西都是便宜的。——铁凝《大浴女》我们都太喜欢等，固执地相信等待永远没有错，美好的岁月就这样一日又一日被等待消耗..,铁凝名言 铁凝语录,名人名言
http://www.juzizhai.com/ju/1943.html,他的品味不在于他买了什么，而在于他的生活风格甚至为人；他拥有的物质不能说明他，他拥有物质的方式才能道出他是个怎么样的人。——梁文道《味道·第一宗罪》有人说：幸福的人都沉默。百思不得其解，问一友人，对方淡然自若地答：因为幸福从不比较，若与人相比，只会觉得自己处境悲凉。——梁文道《常识》读一些无用的书..,梁文道名言 梁文道经典句子,名人名言
http://www.juzizhai.com/ju/1942.html,人生的努力，总向光明的方面走，这是人类向上的自然动机……——李大钊谁对时间越吝啬，时间对谁越慷慨。要时间不辜负你，首先你要不辜负时间，抛弃时间的人，时间也抛弃他。——李大钊求乐的人生观，才是自然的人生观，真实的人生观。我们应该顺其自然，立在真实上，求得人生的光明，不可陷入勉强虚伪境界，把真正人生都..,李大钊名言 李大钊名句 李大钊经典语录,名人名言
http://www.juzizhai.com/ju/1941.html,就让天真的姑娘们相信这个世界上还会有这样好心的少爷，相信有人会对她毫无理由地一往情深，相信自己有权利骄傲任性，做错什么都会被原谅。——桔子树《我的青春从爱你开始》爱上一个人能有多少理由？我觉得他好，便是全部。——橘子树《奢侈品男人》爱情能有多久？繁华散尽，不过是弹指间的事，宁愿多个好友，或者，家人..,桔子树名言 桔子树经典语录,名人名言
http://www.juzizhai.com/ju/1939.html,"国家之本，在于人民。——孙中山以吾人数十年必死之生命，立国家亿万年不死之根基，其价值之重可知。——孙中山革命尚未成功,同志仍须努力。——孙中山天下为公——孙中山吾志所向，一往无前，愈挫愈奋，再接再厉。——孙中山少数人有钱是假富，要多数人有钱才是真富。——孙中山《孙中山全集》自己应为之事，勿求他人；今..",孙中山名言 孙文语录 孙中山经典句子,名人名言
http://www.juzizhai.com/ju/1938.html,外交，是指处理国与国之间关系的方法，但它还有另外一个通俗的解释——用最礼貌的方式，说出最肮脏的话——当年明月能改的，叫做缺点，不能改的，叫做弱点。——当年明月《明朝那些事儿》知道结局是悲剧，也无法改变，却依然要继续，这就是人生的最大悲哀。——当年明月《明朝那些事儿》中国历史上，共同创业的人大都逃不..,当年明月名言 当年明月经典语录,名人名言
http://www.juzizhai.com/ju/1937.html,我要你相信温暖，美好，信任，尊严，坚强这些老掉牙的字眼。我不要你颓废，空虚，迷茫，糟践自己，伤害别人。你要有强大的内心。要有任凭时间流逝，不会磨折和屈服的信念。不是因为在象牙塔中，才说出我爱世界这样的话。是知道外面的黑，脏，丑陋之后，还要说出这样的话。——柏邦妮《给妹妹的一封信》如果够成熟，就该知..,柏邦妮名言 柏邦妮经典语录|语句,名人名言
http://www.juzizhai.com/ju/1936.html,你是第一个发现我，越面无表情越是心里难过，所以当我不肯落泪地颤抖，你会心疼地抱我在胸口，你比谁都还了解我，内心的渴望比表面来得多，所以当我跌断翅膀的时候，你不扶我但陪我学忍痛。——姚若龙《看得最远的地方》有的人说不清哪里好但就是谁都替代不了——姚若龙《遗失的美好》我怀念的是争吵以后，还是想要爱你的..,姚若龙名言 姚若龙经典句子,名人名言
http://www.juzizhai.com/ju/1935.html,不真正做一件事、爱一个人，你就无法对这件事、这个人失去兴趣。——丁丁张《人生需要揭穿》爱最大的苦恼在于你让我得病，可你又是我的药。——丁丁张《人生需要揭穿》我们爱过的人渣，像是生命中一个个的里程碑，告诉我们到达了哪里，又曾经经过了什么。那些无法面对的，其实根本早已过去，像喝过的中药，当日那么苦，却..,丁丁张语录 丁丁张名言 丁丁张经典语句,名人名言
http://www.juzizhai.com/ju/1933.html,老有人来问我，你是怎么成功的？妈的我没想到成功。我画画，因为我喜欢。我不记得小时候有过“成功”的说法。成功观害死人。你要去跟人比。第一名还是第二名，挣一亿还是挣两亿......我对一切需要“比”的事物没有反应。我画《西藏组画》时就是为了远离当时的“正确”。我现在的画，也是远离美国或中国的主流。我知道我的..,陈丹青名言 陈丹青经典语录,名人名言
http://www.juzizhai.com/ju/1932.html,狼狈不堪：你是没赶上我好的时候……这两年，是有点虚了。——冯小刚《非诚勿扰2》牵着你的手，就象左手牵右手没感觉，但砍下去也会疼＊—冯小刚《一声叹息》你在，或是不在，我就在这里，不悲不喜。你念，或是不念，情就在这里，不来不去。你爱，或是不爱，爱就在这里，不增不减。你跟，或者不跟，我的手就在你手里，不舍..,冯小刚名言 冯小刚语录 冯小刚经典句子,名人名言
http://www.juzizhai.com/ju/1931.html,没结婚的女人是燕子，自由自在。结婚的女人是鸽子，到点就回来。有了孩子的女人是鸭子，屁股后面跟一串。——六六《王贵与安娜》把时间花在进步上，而不是抱怨上，这就是成功的秘诀。——六六该有主心骨的时候能镇得住场，不该有的时候能心安理得躲一旁不多话；会爱人，会关心人，会牵挂人，但不缠人；有思想，有理想，有..,六六经典语录 六六名言,名人名言
http://www.juzizhai.com/ju/1930.html,1.天地不仁，以万物为诌狗2.铃铛咽，百花凋，人影渐瘦鬓如霜。深情苦，一生苦，痴情只为无情苦3.九幽阴灵，诸天神魔，以我血躯，奉为牺牲。三生七世，永堕阎罗，只为情故，虽死不悔4.在你的眼中，所谓的世间，便是由你们人族当家作主的吧？天生万物，便是为了你们人族任意索取，只要有任何反抗，便是为祸世间、害人不浅，..,萧鼎名言 萧鼎语录 萧鼎经典句子,名人名言
http://www.juzizhai.com/ju/1929.html,我在别的同学处第一次见着了布哈林的共产主义ABC及马克思恩格斯的共产党宣言，但我只翻得一翻，没有看下去，可比小时在湖村看见传道者颁发的小册子马克福音，马太福音，之类，那洋纸的印刷气味及插画耶稣与门徒的彩色光影……——胡兰成《今生今世》愿使岁月静好，现世安稳。——胡兰成《和张爱玲结婚的婚书》我本自视聪明..,胡兰成名言 胡兰成经典句子,名人名言
http://www.juzizhai.com/ju/1928.html,音乐是没有高低级之分，有一些人推崇古典音乐，不知是基于什么样的滑稽心态。今日称之为古典音乐者，昔年也一样是流行音乐；今日之流行音乐，若干年之后，也就成了古典音乐。——倪匡人类之所以有进步的主要原因是下一代不听上一代的话。——倪匡有美丽，有青春，阳光灿烂，秋风凉爽，不饥，不寒，感情上有一定的寄托，有..,倪匡名言 倪匡名句|语录|句子,名人名言
http://www.juzizhai.com/ju/1827.html,我的生死，我的爱恨，皆是我自己抉择，我不后悔，也不痛苦。这是我自己选择的道路，我不需要怜悯，亦没必要动遥生也是我，死也是我。胜固欣然，败也从容。——天衣有风《凤囚凰》欢笑是我，悲伤是我，爱着的是我，恨着的也是我，痛苦挣扎的是我，不能舍弃的是我，从来都是我一个人的独角戏……而他坐壁上观，微微冷笑。—..,天衣有风名言 天衣有风经典句子|语录,名人名言
http://www.juzizhai.com/ju/1826.html,互联网带来了便利，改变了生活娱乐方式、信息传播方式等等。但这扁平化的虚拟真实交杂的世界，却也带来了恐怖。人们从未如此空前地乐意展示自我，而其面对的是整个世界。当有人说通过我的名字查到了我的各种信息，着实让人有种不寒而栗的感觉。这就是互联网＊—罗振宇《罗辑思维》你面前有三个政治家，我告诉你他们的基本..,罗振宇经典语录 罗振宇经典句子,名人名言
http://www.juzizhai.com/ju/1825.html,你的手冰凉凉的，那些练刀练出来的硬茧，每一次我看见，都不敢触摸。秀莲，江湖里卧虎藏龙，人心里何尝不是？刀剑里藏凶，人情里何尝不是？我诚心诚意地把青冥剑交出来，却带给我们更多的麻烦。——李安《卧虎藏龙》人生就是不断地放下，然而痛心的是，我还没来得及与你们好好告别。——李安《少年派的奇幻漂流》Ifeveryu..,李安名言 李安语录 李安经典句子,名人名言
http://www.juzizhai.com/ju/1824.html,“在这年头，谁能帮我发财就是最大的爱。”——许鞍华《姨妈的后现代生活》好多东西都没了，就象是遗失在风中的烟花，让我来不及说声再见就已经消逝不见。——许鞍华《男人四十》即使没有别人给你理由，生命依然值得坚持。——许鞍华《桃姐》人生最甜蜜的欢乐，都是忧伤的果实；人生最纯美的东西，都是从苦难中得来的。我..,许鞍华电影台词 许鞍华经典语录,名人名言
http://www.juzizhai.com/ju/1823.html,在生存面前那纯洁的理想原来是那么脆弱不堪你站在这繁华的街上找不到你该去的方向你站在这繁华的街上感觉到从来没有的慌张——许味那一年》曾梦想仗剑走天涯，看一看世界的繁华——许味曾经的你》心中那自由的世界是如此的清澈高远。——许味蓝莲花》每一次难过的时候，就独自看一看大海。——许味曾经的你》如今我已飞的..,许巍名言 许巍经典语录,名人名言
http://www.juzizhai.com/ju/1821.html,得失心不放下，想要不痛苦，都不可能。——慧律法师《佛心慧语》当你要开口说话时，你所说的话必须比你的沉默更有价值才行。——慧律法师静坐常思己过，闲谈莫论人非。——慧律法师《佛心慧语》世界上有一种生意是永远亏本，那就是发脾气。——慧律法师《佛心慧语》看看十年前的种种计较，今觉可笑，若十年后反观今日的争..,慧律法师名言 慧律法师经典语句|语录,名人名言
http://www.juzizhai.com/ju/1822.html,一般说，如果感动了我，我一辈子也记得祝——黄永玉《沿着塞纳河到翡冷翠》明确的爱，直接的厌恶，真诚的喜欢。站在太阳下的坦荡，大声无愧地称赞自己。——黄永玉《沿着塞纳河到翡冷翠》我们心底“不信任”的基础太深了，辜负了太多的好意。——黄永玉《沿着塞纳河到翡冷翠》翡冷翠是个既有文化而又遍地同情和幽默的地方..,黄永玉名言,名人名言
http://www.juzizhai.com/ju/1820.html,看见那些博士论文了吗？一本一本堆得顶到了天花板，冬天阳光照进来，藏蓝书皮儿上烫金的名字就亮了起来，变成一个个模模糊糊的光晕，让人想起黄昏时墓地里一座座石碑。我人还没入土，可这学术墓地里已经有了我的一隅。这竟然就是我的世界，我竟然就是生活其中几十年的世界！这也算是生活！可这就是我的生活＊—孟京辉《盗..,孟京辉经典语录,名人名言
http://www.juzizhai.com/ju/1819.html,在爱里，我们倾其所有依然修不到满分。在爱里，我们恨不得粉身碎骨去谱写至死不渝的传奇。然而，当爱情焚烧殆尽，当他们背道而驰，疼痛终是逼出了心底的那滴眼泪。——沐清雨《听说爱会来》时间的齿轮不会为谁的失意而停留，人，不可能挽留住季节。哪怕，那季节里有刻骨铭心的感情，有无法遗忘的人，依然会悄无声息地流走..,沐清雨名言 沐清雨经典语录,名人名言
http://www.juzizhai.com/ju/1818.html,要学会尊重，尊重身边所有的人，尊重人山人海中和你擦身而过的陌生人，尊重宇宙的各种生物，当然也更要尊重自己。——唐欣恬《裸婚》：“我没车，没钱，没房，没钻戒，但我有一颗陪你到老的心，等到你老了，我依然背着你，我给你当拐杖，等你没牙了，我就嚼碎了喂给你，我一定等你死后我在死，要不把你一个人留在这世界上..,唐欣恬经典语录,名人名言
http://www.juzizhai.com/ju/1817.html,虽是日常的情景，可因为多，也能堆积一个惊心动魄。——王安忆《长恨歌》我们要的东西似乎有了，却不是原来以为的东西；我们都不知道要什么了，只知道不要什么；我们越知道不要什么，就越不知道要什么。——王安忆《窗外与窗里》一次次恋爱说是过去，其实都留在了脸上。人是怎么老的？就是这么老的！胭脂粉都是白搭，描画..,王安忆名言 王安忆经典语录,名人名言
http://www.juzizhai.com/ju/1816.html,"在我眼里，幸福只是一种事后回忆，是一种情绪的总结。以我的经验，人在幸福中是很难察觉到幸福的。生活的节奏便是人们内心节奏，无论快慢都是人内心的诉求。——石康《那些不值钱的经验》人是不怕受罚的,生而为人,本身就是最深刻的惩罚。——石康人生总是很累的，你现在不累，以后就会更累。——石康我说我喜欢你，我就是..",石康经典语录 石康经典语句,名人名言
http://www.juzizhai.com/ju/1814.html,明知道是错误，可在注定的悲剧里，你依旧要行走下去，哪怕是在不属于自己的空间生存，依然要维持着呼吸。——白落梅《西风多少恨，吹不散眉弯》在这个光怪陆离的人间，没有谁可以将日子过得行云流水。但我始终相信，走过平湖烟雨，岁月山河，那些历尽劫数、尝遍百味的人，会更加生动而干净。时间永远是旁观者，所有的过程..,白落梅经典语录 白落梅名人名言句子,名人名言
http://www.juzizhai.com/ju/1813.html,活动了，有可能一无所获，这是机会成本；不活动，天上不会掉馅饼，这也符合经济学原理。——小桥老树《官路风流》一直提拔不上去的原因，（往往）有三大主因：一不送，二不拍，三不吹。——小桥老树《官路风流》要主动，不要等着领导来了解你，要主动接触领导，理论联系实际，密切联系领导，才能不断进步。——小桥老树《..,小桥老树作品经典语录,名人名言
http://www.juzizhai.com/ju/1812.html,寡言的人，就是不断思考的人＊—刘震云《我不是潘金莲》生活本没有输赢，但如果你一旦有了胜负心，那你一定是输家。——刘震云《手机》一个人的孤独不是孤独，一个人找另一个人，一句话找另一句话，才是真正的孤独——刘震云《一句顶一万句》你变了，我变了，遇到金钱，遇到困难。——刘震云《手机》我活了七十岁，明白一..,刘震云名言 刘震云经典语录,名人名言
http://www.juzizhai.com/ju/1811.html,如果你只有一种表达方式，对方可能会觉得太过浅显，女人绝对不止一种情感。——黄霁《夫妻那些事》别愁眉苦脸的，不论开心还是烦恼，你都应该享受它，老公对我好呢，我就享受幸福，老公对我不好，我就享受自由，这才是聪明女人。——黄霁《夫妻那些事》男人有才华的长得丑，长得帅的不挣钱，挣钱多的不顾家，顾家的没出息..,黄霁经典语录,名人名言
http://www.juzizhai.com/ju/1809.html,这双眼睛习文可以治国安邦，习武则可能统领千军万马。——陈忠实《白鹿原》世事你不经它，你就摸不准它。世事就俩字：福祸。俩字半边一样，半边不一样，就是说，俩字相互牵连着。就好比箩面的箩筐，咣当摇过去是福，咣当摇过来就是祸。所以说你么得明白，凡遇到好事的时光甭张狂，张狂过头了后边就有祸事;凡遇到祸事的时光..,陈忠实经典语录,名人名言
http://www.juzizhai.com/ju/1810.html,女人总比男人麻烦。——宁浩《黄金大劫案》胳膊拧不过大腿，何况他就是个中指。——宁浩《黄金大劫案》我看不了这个不人道!——宁浩《黄金大劫案》欠上帝五元。恩讲究!——宁浩《黄金大劫案》当把你完全孤立起来，把你与动物放在一起，就会剥茧抽丝地看到你真正样貌是怎样的。——宁浩无异于以卵击石也，又以卵击石，你咋..,宁浩经典语录 宁浩电影台词,名人名言
http://www.juzizhai.com/ju/1808.html,用你的梦想和理想引领你的一生，要用感恩、真诚、助人圆梦的心态引领你的一生，要用执着、无惧、乐观的态度引领你的一生。如果你做到了这些，因缘会给你一切你所应得的。——李开复《世界因你不同》不要只是“过一生”，而是要用你的梦想引领你的一生，要用感恩、真诚、助人圆梦的心态引领你的一生，要用执著、无惧、乐观..,李开复经典语录 李开复名言,名人名言
http://www.juzizhai.com/ju/1807.html,我们年轻时坚持一些自己认为是正确的东西的时候，总有些长辈，完全是出于善意好心，过来提醒你，告诉你这个社会不像你想的那样，如果你要想怎么样，就必须怎么怎么样。这种话你是不是听过很多次啊？我长大的过程中也不断地听到这种的话，我从来都不听，我就一直坚持我年轻时认为是正确的东西。——罗永浩《我的奋斗》我不..,罗永浩名人名言 罗永浩经典语录,名人名言
http://www.juzizhai.com/ju/1669.html,内外相应，言行相称。——韩非立志难也，不在胜人，在自胜——韩非子夫妻者，非有骨肉之恩也。爱则亲，不爱则疏。——韩非《韩非子》君爱桃李花，桃李花易飘，妾怜松柏色，松柏色难凋。——韩非《韩非子·难一》儒以文乱法，侠义武犯禁。——韩非《五蠹》千丈之堤，以蝼蚁之穴溃；百尺之室，以突隙之烟焚。——韩非子君子..,韩非子名言名句 韩非子语录,名人名言
http://www.juzizhai.com/ju/1668.html,我相信我是属于特别另类的那一群姑娘，另类的意思就是另一个类别，这个类别里的姑娘生来就是为那些招男生喜欢整天冥思苦想怎么拒绝男生的女生偿还债务的，所以没有男生喜欢我们，我们的命运只有两条，一是暗恋，一是炮灰。悲催的是，这两点我都占上了。——刘小备《姑娘，前方有狼》我不敢确定是不是有某些对我抱有幻想的..,刘小备经典语录,名人名言
http://www.juzizhai.com/ju/1667.html,知己知彼，百战不殆；不知彼而知己，一胜一负；不知彼不知己，每战必殆。——孙子《攻谋第三》战势不过奇正，奇正之变，不可胜穷也。——孙武兵者，诡道也。故能而示之不能，用而示之不用，近而示之远，远而示之近。利而诱之，乱而取之，实而备之，强而避之，怒而扰之，卑而骄之，佚而劳之，亲而离之。攻其无备，出其不意..,孙子名言名句,名人名言
http://www.juzizhai.com/ju/1666.html,真放肆不在饮酒放荡，假矜持偏要慷慨激昂。万事留一线，江湖好相见。——郭德纲《过得刚好》想出名，先出书；想出书，先出事——郭德纲人在天涯，身不由己，风雨踏歌行。江湖子弟，拿得起来放得下。放不下，也得放。活一百岁的没几个人，开心就笑，不开心待会儿再笑。高高兴兴比什么都强，跟谁较劲都是跟自己较劲。一辈子..,郭德纲语录 郭德纲经典语录 郭德纲语录名言大全,名人名言
http://www.juzizhai.com/ju/1665.html,道德当身，不以物惑。——管仲勿烦勿乱，和乃自成，能正能静，然后能定，执一不失，能君万物，是故止怒莫若诗，去忧莫若乐，节乐莫若礼，守礼莫若敬，守敬莫若静，内静外敬，能反其性，性将大定。——管子仓廪实而知礼节，衣食足而知荣辱。——管子士不厌学，故能成其圣。——管仲礼义廉耻，国之四维，四维不张，国乃灭亡..,管仲名言名句,名人名言
http://www.juzizhai.com/ju/1664.html,依潜力的大小和爆发力的强度来说，男人不过只是男人，而女人则不然。每一个女人都像是一颗核子弹，不发挥潜力则罢，一旦发挥起来，能把全世界人的眼珠都吓得暴出来。——柏杨《柏杨妙语录》要想改变我们中国人的丑陋形象，只有从现在开始，每个人都想办法把自己培养成鉴赏家。我们虽然不会演戏，却要会看戏，不会看戏的看..,柏杨经典语录,名人名言
http://www.juzizhai.com/ju/1663.html,"明王不徒立，百姓不虚至。——晏子《晏子春秋》圣人千虑,必有一失;愚人千虑。必有一得。——晏子《晏子春秋》桔生淮南则为橘，生于淮北则为枳。——晏子衣莫若新，人莫若故。——晏婴富贵不傲物，贫贱不易行。——晏子廉者，政之本也；谦者，德之主也。——晏子《晏子春秋》凡有血气者，皆有争心。怨利生孽，维义可以为长..",晏子名言名句,名人名言
http://www.juzizhai.com/ju/1662.html,有狐绥绥，在彼淇梁。心之忧矣，之子无裳。——诗经《诗经·卫风·有狐》知我者谓我心忧，不知我者谓我何求。——诗经《黍离》死生契阔，与子成说。执子之手，与子偕老。——诗经《邶风击鼓》青青子衿，悠悠我心，纵我不往，子宁不嗣音。——诗经《诗经》诗经——《子衿》青青子衿，悠悠我心。纵我不往，子宁不嗣音？青青..,诗经名言名句,名人名言
http://www.juzizhai.com/ju/1661.html,凄凄复凄凄，嫁娶不须啼——卓文君《白头吟》愿得一心人，白首不相离。——卓文君《白头吟》闻君有二意，故来相决绝。愿得一心人，白首不相离——卓文君《白头吟》白头吟皑如山上雪，蛟若云间月。闻君有两意，故来相决绝。今日斗酒会，明旦沟水头。躞蹀御沟上，沟水东西流。凄凄复凄凄，嫁娶不须啼。愿得一心人，白头不相..,卓文君诗句精选 卓文君诗句名句,名人名言
http://www.juzizhai.com/ju/1660.html,人皆知有用之用，而莫知无用之用也。（人们都知道有用的用处，但不懂得无用的更大用处。）——庄子浮生若梦。若梦非梦，浮生何如？如梦之梦。——庄子《如梦之梦》相濡以沫，不如相忘于江湖——庄子《庄子·大宗师》尾生与女子期于梁下，女子不来，水至不去，抱梁柱而死。——庄子《庄子》子非鱼，安知鱼之乐？——庄子《..,庄子经典语录,名人名言
http://www.juzizhai.com/ju/1659.html,智者千虑，必有一失；愚者千虑，必有一得。——司马迁《史记》高山仰止，景行行止。虽不能至，心向往之。——司马迁《史记》飞鸟尽，良弓藏；狡兔死，走狗烹。——司马迁《史记》不知其人，则不为其友。——司马迁《史记》盖西伯拘而演《周易》；仲尼厄而作《春秋》；屈原放逐，乃赋《离骚》；左丘失明，厥有《国语》；孙..,司马迁诗句 司马迁名句,名人名言
http://www.juzizhai.com/ju/1658.html,人法地，地法天，天法道，道法自然。——老子《道德经》上善若水，水善利万物而不争。——老子《道德经》1、你高，我便退去，决不淹没你的优长；2、你低，我便涌来，决不暴露你的缺陷；3、你动，我便随行，决不撇下你的孤单；4、你静，我便长守，决不打扰你的安宁；5、你热，我便清凉，决不激化你的沸腾；6、你冷，我便沸..,老子名言 老子经典语录,名人名言
http://www.juzizhai.com/ju/1657.html,积爱成福，积怨则祸——淮南子塞翁失马，焉知非福。——淮南子《人间训》用众人之力，则无不胜也——淮南子“民无廉耻，不可治也。非修礼义，廉耻不立。民不知礼义，法弗能正也。”引——淮南子《淮南子》行同趋同，千里相从；行不合趋不同，对门不通——淮南子大人不责小人过，哪个小人没罪过——淮南子矩不正，不可为方..,淮南子名言名句,名人名言
http://www.juzizhai.com/ju/1656.html,审定有无与其实虚，随其嗜欲以见其志意。——鬼谷子《鬼谷子》这个世上，胜者生，而败者亡，在世事的胜负面前，生与死不过是必然的因果。——鬼谷子《秦时明月》小人谋身，君子谋国，大丈夫谋天下。——鬼谷子执形而论相，管中窥豹也。不离形，不拘法，视于无形，听于无声，其相之善者也。——鬼谷子《相辨微芒》以阳求阴..,鬼谷子经典语录精选,名人名言
http://www.juzizhai.com/ju/1655.html,论大功者不录小过，举大善者不疵细瑕。——班固临渊羡鱼，不如退而结网;扬汤止沸，不如釜底抽薪——班固《汉书·董仲舒传》民者，弱而不可胜，愚而不可欺也。——班固少成若天性，习惯如自然。——班固一日一钱，千日千钱，绳锯木断，水滴石穿。——班固公之为言，公正无私也——班固猛虎处深山，百兽震恐；乃在槛阱之中，..,班固名言名句,名人名言
http://www.juzizhai.com/ju/1654.html,皋兰被径兮，斯路渐。湛湛江水兮，上有枫。目极千里兮，伤春心。魂去归来兮，哀江南。——屈原《招魂》入不言兮出不辞，乘回风兮载云旗。悲莫悲兮生别离，乐莫乐兮新相知。——屈原《九歌·少司命》路漫漫其修远兮，吾将上下而求索。——屈原《离骚》惟草木之零落兮，恐美人之迟暮——屈原《离骚》与天地兮同寿，与日月兮..,屈原诗词 屈原千古名句,名人名言
http://www.juzizhai.com/ju/1653.html,谋先事则昌，事先谋则亡。——刘向《说苑》山有木兮木有枝心悦君兮君不知。——刘向《越人歌》少而好学，如日出之阳；壮而好学，如日中之光；老而好学，如炳烛之明。——刘向《说苑》与善人居，如入兰芷之室，久而不闻其香，则与之化矣。与恶人居，如入鲍鱼之肆，久而不闻其臭，亦与之化矣。——刘向《说苑》书犹药也，善..,刘向名言诗句,名人名言
http://www.juzizhai.com/ju/1652.html,法不仁，不可以为法。——墨子志不强者智不达，言不信者行不果。据财不能以分人者，不足与友。守道不笃，偏物不博，辩是非不察者，不足与游。——墨子食必常饱，然后求美；衣必常暖，然后求丽；居必常安，然后求乐。——墨子言不信者，行不果。——墨子君子不镜于水，而镜于人。镜于水，见面之容，镜于人，则知吉与凶。—..,墨子名言 墨子语录,名人名言
http://www.juzizhai.com/ju/1651.html,我不是你的糖果，粉碎的为什么是我？我不是你的糖果，我是你的现实生活。我不是你的糖果，粉碎的为什么是我？反正不会是沉默，如果你现在有什么想打破。——黄伟文《糖果粉碎者》来年陌生的是昨日最亲的某某——黄伟文《最佳损友》我也笑我原来是个天生的野孩子连没有幸福都不介意——黄伟文《野孩子》美景良辰未细赏，我..,黄伟文经典歌词|语录,名人名言
http://www.juzizhai.com/ju/1650.html,国将兴，必贵师而重傅。——荀子不登高山，不知天之高也；不临深溪，不知地之厚也。——荀子《劝学》岁不寒，无以知松柏；事不难，无以知君子。——荀子《荀子》学不可以已。青，取之于蓝，而青于蓝；冰，水为之，而寒于水。——荀子《劝学》道虽迩，不行不至；事虽小，不为不成。——荀况吾尝终日而思矣，不如须臾之所学..,荀子名言 荀子语录,名人名言
http://www.juzizhai.com/ju/1617.html,夫学须志也，才须学也，非学无以广才，非志无以成学。——诸葛亮非淡泊无以明志，非宁静无以致远——诸葛亮《戒子篇》欲思其利，必虑其害，欲思其成，必虑其败——诸葛亮静以修身，俭以养德。——诸葛亮夫知人之性，莫难察焉。美恶既殊，情貌不一，有温良而为诈者，有外恭而内欺者，有外勇而内怯者，有尽力而不忠者。然知..,诸葛亮名言 诸葛亮名句精选 诸葛亮经典句子,名人名言
http://www.juzizhai.com/ju/1616.html,1、终于明白，有些路，只能一个人走。那些邀约好同行的人，一起相伴雨季，走过年华，但有一天终究会在某个渡口离散。红尘陌上，独自行走，绿萝拂过衣襟，青云打湿诺言。山和水可以两两相忘，日与月可以毫无瓜葛。那时候，只一个人的浮世清欢，一个人的细水长流。2、都说世相迷离，我们常常在如烟世海中丢失了自己，而凡尘..,林徽因语录,名人名言
http://www.juzizhai.com/ju/1615.html,譬如小水长流，则能穿石。若行者之心，数数懈废，譬如钻火，未热而息；虽欲得火，火难可得。是名精进。——鸠摩罗什《佛遗教经》＂人生如梦幻泡影，如露亦如电＂——鸠摩罗什《金刚经》无以睡眠因缘，令一生空过，无所得也。——鸠摩罗什《佛遗教经》是故当知，世皆无常，会必有离，勿怀忧恼，世相如是。当勤精进，早求解..,鸠摩罗什佛经,名人名言
http://www.juzizhai.com/ju/1614.html,"　　1.不为失败找借口,只为成功找方法.　　2.尊严来自实力,实力来自拼搏!　　3.赢家总有一个计划,输家总有一个借口.　　4.努力不一定成功,放弃肯定失败.　　5.雄鹰可以飞得晚,但一定要飞得高.　　6.专注=效率　　7.人生需要时时提醒..",李嘉诚的经典名言,名人名言
http://www.juzizhai.com/ju/1613.html,神龟虽寿，犹有竟时——曹操青青子衿，悠悠我心。但为君故，沉吟至今。——曹操《短歌行》对酒当歌，人生几何？譬如朝露，去日苦多。——曹操宁我负人，毋人负我。——曹操宁教我负天下人，休叫天下人负我＊—曹操老驥伏枥，志在千里。烈士暮年，壮心不已。——曹操夫英雄者，胸怀大志，腹有良谋，有包藏宇宙之机，吞吐天..,曹操诗歌精选 曹操的诗词精选 曹操名句,名人名言
http://www.juzizhai.com/ju/1612.html,缘分像一本书。翻的不经意会错过童话读得太认真又会流干眼泪。有时候看着电视里的悲欢离合，就会泣不成声，感觉人生很多事情，真的说不清楚，而由一些话语也许都是我们一直找寻的答案。1.莎士比亚说:再好的东西，都有失去的一天；再深的记忆，也有淡忘的一天。再爱的人，也有远走的一天；再美的梦，也有苏醒的一天。该放弃..,这些话也许是你一輩子寻找的答案,名人名言
http://www.juzizhai.com/ju/1611.html,丈夫四海志，万里犹比邻——曹植翩若惊鸿，婉若游龙，荣曜秋菊，华茂春松。仿佛兮若轻云之蔽月，飘飘兮若流风之回雪。远而望之，皎若太阳升朝霞；迫而察之，灼若芙蕖出渌波。——曹植《洛神赋》天称其高乾，以无不覆；地称其广者，以无不载；日月称其明者，以无不照；江河称其大者，以无不容。——曹植《求通亲表》今日乐..,曹植诗词 曹植名句名言,名人名言
http://www.juzizhai.com/ju/1610.html,1、柯景腾说。不久后，我交了女朋友。沈佳仪也交了男朋友。但我们之间的故事，却没有因此结束。八年的喜欢，让我们之间拥有了更深刻的联系。比情人饱满，比朋友扎实。那是，羁绊。2、郭敬明说。走曾经走过的路。唱曾经唱过的歌。爱曾经爱过的人。却再也提不起恨。3、小水说。在我们每个人的内心深处，都藏着一个人，每次想..,"关于爱情,每个人都有话说那么,你也一样吗",名人名言
http://www.juzizhai.com/ju/1609.html,芳菊开林耀，青松冠岩列。怀此贞秀姿，卓为霜下杰——陶渊明结庐在人境，而无车马喧。问君何能尔?心远地自偏。采菊东篱下，悠然见南山。山气日夕佳，飞鸟相与还。此中有真意，欲辩已忘言。——陶渊明《饮酒·其五》归去来兮，田园将芜胡不归！既自以心为形役，奚惆怅而独悲！悟已往之不谏，知来者之可追，实迷途其未远，觉..,陶渊明的诗词名句,名人名言
http://www.juzizhai.com/ju/1608.html,,关于友情名人名言,名人名言
http://www.juzizhai.com/ju/1607.html,1.你以为最酸的感觉是吃醋吗？不是，最酸的感觉是没权吃醋。2.低头要有勇气，抬头要有底气。3.上天决定了谁是你的亲戚，幸运的是在选择朋友方面它给你留了余地。4.人生就像一杯茶，不会苦一辈子，但总会苦一阵子。5.傻与不傻，要看你会不会装傻。6.女人用友情来拒绝爱情，男人用友情来换取爱情。7.幸福是可以通过学习来获..,八十五句韩寒经典语录你最喜欢哪一句?,名人名言
http://www.juzizhai.com/ju/1606.html,我只是希望做好自己本份，使喜欢我的人继续喜欢我，使最初不喜欢我的人，至少不要恨我，我已经感到满足，因为我不圣人，不能够全世界都要和我共鸣。——张国荣我就是我是颜色不一样的烟火天空开阔要做最坚强的泡沫我喜欢我让蔷薇开出一种结果孤独的沙漠里一样盛放的赤裸裸——张国荣《我》我就是我，是颜色不一样的烟火—..,张国荣经典语录台词,名人名言
http://www.juzizhai.com/ju/1605.html,人生是可以走直线的，这条“直线”在自己心中。但我们的妥协、分心和屈从让我们往往偏离了原来的轨道，浪费了很多时间。——李彦宏2013/69短暂的激情是不值钱的，只有持久的激情才是赚钱的。——马云2013/610我很少去规划我的人生，我只不过觉得在每一个环节，应该把现事做好，为下一步的发展去打一个基础，其实一路上都是..,"经典永远不会因时间而褪色,反而更显珍贵",名人名言
http://www.juzizhai.com/ju/1604.html,名人名言：余秋雨经典语录1、假如你想要一件东西，就放它走。它若能回来找你，就永远属于你；它若不回来，那根本就不是你的。2.一个人会落泪，是因为痛；一个人之所以痛，是因为在乎；一个人之所以在乎，是因为有感觉；一个人之所以有感觉，仅因为你是一个人！所以，你有感觉，在乎，痛过，落泪了，说明你是完整不能再完整..,名人名言：余秋雨经典语录,名人名言
http://www.juzizhai.com/ju/1603.html,有句话的好：“性格决定命运，态度决定人生，思想决定高度，行动决定成败１，腾讯的崛起不是马化腾一个人的功劳，但是缺乏马化腾，腾讯就不会这么精彩，这么成功。1.有时候不辛苦但是压力大，有时候是辛苦但是压力不大。2.对我来说，现在QQ不是工作，是兴趣。3.做公司要对股东、投资者负责任。所以现在看新兴公司大量烧钱..,"马化腾经典语录,送给正在创业的年青人",名人名言
http://www.juzizhai.com/ju/1602.html,一起长大的约定，那样珍惜，与你聊不完的曾经。而我已经分不清，你是友情还是错过的爱情。——周杰伦《蒲公英的约定》我会学着放弃你是因为我太爱你——周杰伦《安静》花开一次就成熟，我却错过。——周杰伦《东风破》烟花易冷，人事易分。——周杰伦《烟花易冷》失去你，我连笑容都有阴影——周杰伦《夜曲》缓缓飘落的枫..,周杰伦经典歌词,名人名言
http://www.juzizhai.com/ju/1600.html,绪言：几米曾说过：为什么欢乐易与人分享，悲伤却只能独自品尝？原来幸福最好的传递在于分享，在自己开心的时候把快乐传递给大家，几米还说了很多，很多很多都是最快乐的记忆，悲伤却需要“读字”品尝。  1.一个人是无法抵挡所有事情的，有时候一朵白云的阴影，小鸟轻松的街走白云。小鸟可以做到，我未必能做到..,"几米经典语录：无法为你撑伞,让你淋湿了",名人名言
http://www.juzizhai.com/ju/1599.html,,"50条战胜挫折的名言,读懂了受益终生",名人名言
http://www.juzizhai.com/ju/1598.html,,生活名人名言大全,名人名言
