url,author,image,intro,title,url,...
https://book.douban.com/subject/1034329/,陈忠实,null,《白鹿原》是一部渭河平原五十年变迁的雄奇史诗，一轴中国农村班斓多彩、触目惊心的长幅画卷。主人公六娶六丧，神秘的序曲预示着不祥。一个家族两代子孙，为争夺白鹿原的统治代代争斗不已，上演了一幕幕惊心动魄的活剧：巧取风水地，恶施美人计，孝子为匪，亲翁杀媳，兄弟相煎，情人反目……大革命、日寇入侵、三年内战，白鹿原翻云覆雨，王旗变幻，家仇国恨交错缠结，冤冤相报代代不已……古老的土地在新生的阵痛中颤粟。厚重深邃的思想内容，复杂多变的人物性格，跌宕曲折的故事情节，绚丽多彩的风土人情，形成作品鲜明的艺术特色和令人震撼的真实感。,白鹿原 (豆瓣),https://book.douban.com/subject/1034329/,{}
https://book.douban.com/subject/3026879/,[美] 艾·弗洛姆 99读书人 译文心理,null,《爱的艺术》是德裔美籍心理学家和哲学家、法兰克福学派重要成员艾里希-弗洛姆最著名的作品，自1956年出版至今已被翻译成32种文字，在全世界畅销不衰，被誉为当代爱的艺术理论专著最著名的作品。 在这本书中，弗洛姆认为，爱情不是一种与人的成熟程度无关，只需要投入身心的感情。如果不努力发展自己的全部人格并以此达到一种创造倾向性，那么每种爱的试图都会失败，如果没有爱他人的能力，如果不能真正谦恭地、勇敢地、真诚地和有纪律地爱他人，那么人们在自己的爱情生活中也永远得不到满足。 弗洛姆进而提出，爱是一门艺术，要求想要掌握这门艺术的人有这方面的知识并付出努力。在这里，爱不仅仅是狭隘的男女爱情，也并非通过磨练增进技巧即可获得。爱是人格整体的展现，要发展爱的能力，就需要努力发展自己的人格，并朝着有益的目标迈进。 此版特别收录弗洛姆学术助手纪念文章《弗洛姆生命中的爱》。,爱的艺术 (豆瓣),https://book.douban.com/subject/3026879/,{}
https://book.douban.com/subject/6021440/,[美] 保罗·格雷厄姆,null,本书是硅谷创业之父Paul Graham 的文集，主要介绍黑客即优秀程序员的爱好和动机，讨论黑客成长、黑客对世界的贡献以及编程语言和黑客工作方法等所有对计算机时代感兴趣的人的一些话题。书中的内容不但有助于了解计算机编程的本质、互联网行业的规则，还会帮助读者了解我们这个时代，迫使读者独立思考。 本书适合所有程序员和互联网创业者，也适合一切对计算机行业感兴趣的读者。,黑客与画家 (豆瓣),https://book.douban.com/subject/6021440/,{}
https://book.douban.com/subject/1034282/,[英] 史蒂芬·霍金,null,《时间简史》讲述是探索时间和空间核心秘密的故事，是关于宇宙本性的最前沿知识，包括我们的宇宙图像、空间和时间、膨胀的宇宙不确定性原理、基本粒子和自然的力、黑洞、黑洞不是这么黑、时间箭头等内容。第一版中的许多理论预言，后来在对微观或宏观宇宙世界观测中得到证实。 自1988年首版以来，《时间简史》已成为全球科学著作的里程碑。它被翻译成40种文字，销售了近1000万册。此版更新了内容，把许多观测揭示的新知识，以及霍金最新的研究纳入，并配以250幅照片和电脑制作的三维和四维空间图。,时间简史 (豆瓣),https://book.douban.com/subject/1034282/,{}
https://book.douban.com/subject/6388661/,吴念真 吴念真作品,null,吴念真累积多年、珍藏心底的体会与感动。 他写的每个故事，都蕴藏了我们无法预知的生命能量与心灵启发。 跟他一起回望人生种种，您将学会包容、豁达与感恩…… 本书是吴念真导演经历过人生的风风雨雨和最大低潮后，所完成的生命记事。 他用文字写下心底最挂念的家人、日夜惦记的家乡、一辈子搏真情的朋友，以及台湾各个角落里最真实的感动。这些人和事，透过他真情挚意的笔，如此跃然的活在你我眼前，笑泪交织的同时，也无可取代的成为烙印在你我心底、这一个时代的美好缩影…… 特别收录 吴念真近年唯一小说创作《遗书》，写下对胞弟离开人间的真情告白 特别邀请 作家雷骧绘制插画，看两位大师以图文激荡出精采火花 生命里某些当时充满怨怼的曲折，在后来好像都成了一种能量和养分……这些人、那些事在经过时间的筛滤之后，几乎都只剩下笑与泪与感动和温暖。——《这些人，那些事》,这些人，那些事 (豆瓣),https://book.douban.com/subject/6388661/,{}
https://book.douban.com/subject/1039487/,[英] J·K·罗琳 哈利·波特,null,《哈利·波特与密室》是“哈利·波特”系列的第二部。 哈利·波特在霍格沃茨魔法学校学习一年之后，暑假开始了。他在姨父姨妈家熬过痛苦的假期。正当他准备打点行装去学校时，小精灵多比前来发出警告：如果哈利返回霍格沃茨，灾难将会临头。 但哈利义无返顾地回到了霍格沃茨，新来的吉罗德·洛哈特教授装腔作势，让他作呕；游荡在女生舆洗室里的幽灵“哭泣的桃金娘”搅得他不得安宁；低年级的小女生金妮对他投来关切目光常令他尴尬不已；小男生科林·克里维“追星”式的跟踪又经常使他落荒而逃。 但是，这一切仅仅是灾难的序曲。正如多比所预言的，哈利遭受了重重磨难，经历了种种危险，难解之谜又使他煞费苦心：霍格沃茨的学生接二连三地变成了石头。这一切是品德败坏的学生德拉科·马尔福精心策划的杰作？还是忠厚善良的海格无心铸成的大错？或者另有人将在霍格沃茨制造更大的阴谋？这一切又是否与传说中的密室有... (展开全部) 《哈利·波特与密室》是“哈利·波特”系列的第二部。 哈利·波特在霍格沃茨魔法学校学习一年之后，暑假开始了。他在姨父姨妈家熬过痛苦的假期。正当他准备打点行装去学校时，小精灵多比前来发出警告：如果哈利返回霍格沃茨，灾难将会临头。 但哈利义无返顾地回到了霍格沃茨，新来的吉罗德·洛哈特教授装腔作势，让他作呕；游荡在女生舆洗室里的幽灵“哭泣的桃金娘”搅得他不得安宁；低年级的小女生金妮对他投来关切目光常令他尴尬不已；小男生科林·克里维“追星”式的跟踪又经常使他落荒而逃。 但是，这一切仅仅是灾难的序曲。正如多比所预言的，哈利遭受了重重磨难，经历了种种危险，难解之谜又使他煞费苦心：霍格沃茨的学生接二连三地变成了石头。这一切是品德败坏的学生德拉科·马尔福精心策划的杰作？还是忠厚善良的海格无心铸成的大错？或者另有人将在霍格沃茨制造更大的阴谋？这一切又是否与传说中的密室有关？哈利决心揭开谜底……,哈利·波特与密室 (豆瓣),https://book.douban.com/subject/1039487/,{}
https://book.douban.com/subject/1770782/,[美] 卡勒德·胡赛尼 世纪文景 李继宏 卡勒德·胡赛尼作品,null,12岁的阿富汗富家少爷阿米尔与仆人哈桑情同手足。然而，在一场风筝比赛后，发生了一件悲惨不堪的事，阿米尔为自己的懦弱感到自责和痛苦，逼走了哈桑，不久，自己也跟随父亲逃往美国。 成年后的阿米尔始终无法原谅自己当年对哈桑的背叛。为了赎罪，阿米尔再度踏上暌违二十多年的故乡，希望能为不幸的好友尽最后一点心力，却发现一个惊天谎言，儿时的噩梦再度重演，阿米尔该如何抉择？ 故事如此残忍而又美丽，作者以温暖细腻的笔法勾勒人性的本质与救赎，读来令人荡气回肠。,追风筝的人 (豆瓣),https://book.douban.com/subject/1770782/,{}
https://book.douban.com/subject/2035171/,[英] 威廉·萨默塞特·毛姆 译文名著文库,null,《人生的枷锁》是毛姆的代表作，具有明显的自传色彩。 小说主人公菲利普·凯里自幼父母双亡，不幸又先天残疾，在冷漠而陌生的环境中度过了童年，性格因此孤僻而敏感。在寄宿学校度过的岁月让他饱受了不合理的学校制度的摧残，而当他走入社会后，又在爱情上经历了伤痛。在坎坷的人生道路上，他每跨一步，都要付出艰辛的挣扎，但思想和个性都独立不羁的凯里，一直努力挣脱宗教和小市民意识这两条禁锢自己精神的桎梏，力图在混沌纷扰的生活漩流中，寻求人生的真谛。,人生的枷锁 (豆瓣),https://book.douban.com/subject/2035171/,{}
https://book.douban.com/subject/3406401/,[德] 赫尔曼·黑塞 校注 丁君君 世纪文景 赫尔曼·黑塞作品系列,null,古印度贵族青年悉达多英俊聪慧，拥有人们羡慕的一切。为了追求心灵的安宁，他孤身一人展开了求道之旅。他在舍卫城聆听佛陀乔答摩宣讲教义，在繁华的大城中结识了名妓伽摩拉，并成为一名富商。心灵与肉体的享受达到顶峰，却让他对自己厌倦、鄙弃到极点。在与伽摩拉最后一次欢爱之后，他抛弃了自己所有世俗的一切，来到那河边，想结束自己的生命。在那最绝望的一刹那，他突然听到了生命之河永恒的声音……经过几乎一生的追求，悉达多终于体验到万事万物的圆融统一，所有生命的不可摧毁的本性，并最终将自我融入了瞬间的永恒之中。,悉达多 (豆瓣),https://book.douban.com/subject/3406401/,{}
https://book.douban.com/subject/1028842/,[美] 格里高里·曼昆,null,此《经济学原理》的第3版把较多篇幅用于应用与政策，较少篇幅用于正规的经济理论。书中主要从供给与需求、企业行为与消费者选择理论、长期经济增长与短期经济波动以及宏观经济政策等角度深入浅出地剖析了经济学家们的世界观。,经济学原理（上下） (豆瓣),https://book.douban.com/subject/1028842/,{}
https://book.douban.com/subject/2295163/,[英] J·K·罗琳 哈利·波特,null,《哈利·波特与死亡圣器》是“哈利·波特”系列的第七部，也就是最后一部。 还有四天，哈利就要迎来自己十七岁的生日，成为一名真正的魔法师。然而，他不得不提前离开女贞路4号，永远离开这个他曾经生活过十六年的地方。 凤凰社的成员精心谋划了秘密转移哈利的计划，以防哈利遭到伏地魔及其追随者食死徒的袭击。然而，可怕的意外还是发生了…… 与此同时，卷土重来的伏地魔已经染指霍格沃茨魔法学校，占领了魔法部，控制了半个魔法界，形势急转直下…… 哈利在罗恩、赫敏的陪伴下，不得不逃亡在外，隐形遁迹。为了完成校长邓布利多的遗命，一直在暗中寻机销毁伏地魔魂器的哈利，意外地获悉如果他们能够 拥有传说中的三件死亡圣器，伏地魔将必死无疑。但是，伏地魔也早已开始了寻找死亡圣器的行动，并派出众多食死徒，布下天罗地网追捕哈利…… 哈利与伏地魔在魔法学校的禁林中遭遇了，哈利倒在伏地魔抢先到手的... (展开全部) 《哈利·波特与死亡圣器》是“哈利·波特”系列的第七部，也就是最后一部。 还有四天，哈利就要迎来自己十七岁的生日，成为一名真正的魔法师。然而，他不得不提前离开女贞路4号，永远离开这个他曾经生活过十六年的地方。 凤凰社的成员精心谋划了秘密转移哈利的计划，以防哈利遭到伏地魔及其追随者食死徒的袭击。然而，可怕的意外还是发生了…… 与此同时，卷土重来的伏地魔已经染指霍格沃茨魔法学校，占领了魔法部，控制了半个魔法界，形势急转直下…… 哈利在罗恩、赫敏的陪伴下，不得不逃亡在外，隐形遁迹。为了完成校长邓布利多的遗命，一直在暗中寻机销毁伏地魔魂器的哈利，意外地获悉如果他们能够 拥有传说中的三件死亡圣器，伏地魔将必死无疑。但是，伏地魔也早已开始了寻找死亡圣器的行动，并派出众多食死徒，布下天罗地网追捕哈利…… 哈利与伏地魔在魔法学校的禁林中遭遇了，哈利倒在伏地魔抢先到手的一件致命的圣器之下…… 然而，伏地魔未能如愿以偿，死亡圣器不可能战胜纯正的灵魂。哈利赢得了这场殊死较量的最终胜利……,哈利·波特与死亡圣器 (豆瓣),https://book.douban.com/subject/2295163/,{}
https://book.douban.com/subject/1085860/,[法] 大仲马,null,小说以法国波旁王朝和七月王朝两大时期为背景，描写了一个报恩复仇的故事。法老号大副唐泰斯受船长的临终嘱托，为拿破仑送了一封信，受到两个对他嫉妒的小人的陷害，被打入死牢，狱友法里亚神甫向他传授了各种知识，还在临终前把一批宝藏的秘密告诉了他。他设法越狱后找到了宝藏，成为巨富。从此他化名为基督山伯爵，经过精心策划，报答了他的恩人，惩罚了三个一心想置他于死地的仇人。,基督山伯爵 (豆瓣),https://book.douban.com/subject/1085860/,{}
https://book.douban.com/subject/1002299/,金庸 金庸作品集（三联版）,null,《笑傲江湖》是金庸1967年写的一部武侠小说，属于金庸的后期作品。,笑傲江湖（全四册） (豆瓣),https://book.douban.com/subject/1002299/,{}
https://book.douban.com/subject/3006581/,[英] 阿加莎·克里斯蒂 99读书人 阿加莎·克里斯蒂侦探推理系列,null,十个互不相识的人，被富有的欧文先生邀请到了印地安岛上的私人别墅里。晚餐后，一个神秘的声音揭开了人们心中所各自隐藏着的可怕秘密。当天晚上，年轻的马斯顿先生离奇死去，古老的童谣就像诅咒一样笼罩着所有人，似乎有一双神秘的眼镜在时刻窥视着这场死亡游戏，到访者就像消失的印地安小瓷人一样一个又一个的走向死神……,无人生还 (豆瓣),https://book.douban.com/subject/3006581/,{}
https://book.douban.com/subject/1043008/,世界文学名著文库,null,"《格林童话全集》是德国民间故事集。由德国的雅各・格林和威廉・格林兄弟根据民间口述材料改写而成。他们搜集、整理、出版这些民间童话的目的，正如威廉所说，是""希望它成为一本有教育意义的书，因为我再也想不出什么更富有教益，更天真无邪，更令人心旷神怡的读物，能比它更适合于儿童的心性与能力了。""作品的主要内容是颂扬勤劳和诚实，鄙弃懒惰和自私，鼓励对暴力和邪恶的反抗，激发对被压迫者的同情和爱护。 书中的200多个故事，大部分源自民问的口头传说，因而比较正确地反映了当时人民的思想感情。其中的《灰姑娘》、《白雪公主》、《小红帽》、《青蛙王子》等童话故事，脍炙人口，享誉世界。作品问世一百多年来，已被译成70多种文字，在世界各国广为流传，成为各地收集民间故事的范例。",格林童话全集 (豆瓣),https://book.douban.com/subject/1043008/,{}
https://book.douban.com/subject/1029111/,三毛 三毛全集,null,在《哭泣的骆驼》中，三毛依然恋恋着墨沙漠生活周遭的人与事，《收魂记》、《搭车客》、《逍遥七岛游》、《一个陌生人的死》、《大胡子与我》等篇，情趣盎然；《沙巴军曹》与《哑奴》所刻画的主角，给人留下了难以磨灭的印象；而压轴的《哭泣的骆驼》，以游击战事为背景，细细铺写一对沙漠情鸳的生死盟，竟犹如史诗般的磅礴。,哭泣的骆驼 (豆瓣),https://book.douban.com/subject/1029111/,{}
https://book.douban.com/subject/1071241/,[英] J·K·罗琳 哈利·波特,null,《哈利·波特与阿兹卡班的囚徒》是“哈利·波特”系列的第三部。 哈利·波特在霍格沃茨魔法学校已经度过了不平凡的两年，而且早已听说魔法世界中有一座守备森严的阿兹卡班监狱，里面关押着一个臭名昭著的囚徒，名字叫小天狼星布莱克。传言布莱克是“黑魔法”高手伏地魔——杀害哈利父母的凶手——的忠实信徒，曾经用一句魔咒接连结束了十三条性命。不幸的是，布莱克逃出了阿兹卡班，一心追寻哈利。布莱克在睡梦中仍然呓语不休：“他在霍格沃茨……他在霍格沃茨。” 哈利·波特虽然身在魔法学校的城堡内，既有朋友的赤诚帮助，也有老师的悉心呵护，但校园内危机四伏，哈利的生命时时受到威胁。一天，布莱克终于站到了哈利的面前……,哈利·波特与阿兹卡班的囚徒 (豆瓣),https://book.douban.com/subject/1071241/,{}
https://book.douban.com/subject/1011754/,蓝星诗库,null,本书收录了已故诗人海子的诗作精华，其诗以独特的风格深受读者的喜爱，从这些诗中反映出诗人那对于一切美好事物的眷恋之情，对于生命的世俗和崇高的激动和关怀。,海子的诗 (豆瓣),https://book.douban.com/subject/1011754/,{}
https://book.douban.com/subject/1092335/,[美] 马里奥·普佐 名著译林,null,"《教父》这部小说的不同凡响的艺术魅力就在于：尽管描写的全是坏蛋，但作者曲尽妙笔，竟然能让读者不痛恨个别坏蛋，而痛恨整个龌龊的社会结构。教父及其继承人——他的小儿子迈克尔本来都是坏透了的坏蛋，但是却并不显得令人痛恨，因为他们杀人是整个不合理的社会逼出来的，因为他们杀的也都是更坏的人，他们同那些在幕后“坐地分赃”的政客比较起来，在“坏”的程度上，可真是小巫见大巫了。  美国纽约五大黑势力集团之一的维托·考利昂一家采用多种极端手段，实现了在整个美国黑暗势力团体中的独尊地位。在这场斗争中有黑团伙之间的火拼；有走私贩毒的嚣张；有赌场的烟云；有红灯区的人欲横流。本书被认为是描写资本主义社会中黑社会现象的最具权威的作品。  "">教父 英文版>>",教父 (豆瓣),https://book.douban.com/subject/1092335/,{}
https://book.douban.com/subject/1807516/,[英] 阿加莎·克里斯蒂 99读书人 阿加莎·克里斯蒂侦探推理系列,null,罗杰·艾克罗伊德是个知道得太多的人。 他知道他爱着的女人毒死了她的第一个丈夫。他知道有人在敲诈她——现在他知道她因服用过量药物而自杀身亡。 晚班邮件很快就会让他知道那个神秘的敲诈者是谁。但是罗杰没能把信读完就死了——他坐在书房里被人用刀抹脖子……,罗杰疑案 (豆瓣),https://book.douban.com/subject/1807516/,{}
https://book.douban.com/subject/1018577/,李碧华 李碧华文集,null,书中收入《霸王别姬》和《青蛇》两个长篇。 《霸王别姬》通过饰演虞姬的演员程蝶衣和饰演楚霸王的演员段晓楼以及一个妓女之间的三角感情纠葛，反映了新旧社会灾难深重年代的梨园血泪和梨园风气，其纵深的历史感及对人的命运的高度关注，成为亮点。 《青蛇》描写的是南宋年间，传说中的白蛇、青蛇与许仙之间曲折哀婉的爱情悲剧，充满叛逆之美。,霸王别姬 青蛇 (豆瓣),https://book.douban.com/subject/1018577/,{}
https://book.douban.com/subject/2380307/,吴晓波 中国企业史三部曲,null,下卷记载1993-2008年间的企业变革。 作者以写实的手法和犀利的风格，描绘了1993—2007年部分国企和民企在改革和崛起中的艰难历程。其中有柳传志、张瑞敏、王石、马云、吴仁宝等成功的典型，也有禹作敏、牟其中、姬长孔、沈太福等昙花一现的悲剧人物。书中用编年体的写法，将1993年以来发生在中国大陆经济体制改革中的大事作了全景式的描绘，其中有政府的决策，有高层领导的指示，有亚洲金融风暴的影响，更多的是企业界人士台前幕后的种种作为。许多事实经过作者生动的描写，使人们能从宏观上看出经济体制改革的艰难和民企在突围中的奋斗，无论成功与失败，都真实地映衬出中国腾飞中沉重的翅膀。作者在企业史的写作中，摒弃了从文件到概念的模式，以鲜活灵动的典型形象，以人物为主体，以事件为血肉，勾画出这一时期中国企业界的脉动，具有一种史诗般的力量。 作者在书中说：“过去的三十年是如... (展开全部) 下卷记载1993-2008年间的企业变革。 作者以写实的手法和犀利的风格，描绘了1993—2007年部分国企和民企在改革和崛起中的艰难历程。其中有柳传志、张瑞敏、王石、马云、吴仁宝等成功的典型，也有禹作敏、牟其中、姬长孔、沈太福等昙花一现的悲剧人物。书中用编年体的写法，将1993年以来发生在中国大陆经济体制改革中的大事作了全景式的描绘，其中有政府的决策，有高层领导的指示，有亚洲金融风暴的影响，更多的是企业界人士台前幕后的种种作为。许多事实经过作者生动的描写，使人们能从宏观上看出经济体制改革的艰难和民企在突围中的奋斗，无论成功与失败，都真实地映衬出中国腾飞中沉重的翅膀。作者在企业史的写作中，摒弃了从文件到概念的模式，以鲜活灵动的典型形象，以人物为主体，以事件为血肉，勾画出这一时期中国企业界的脉动，具有一种史诗般的力量。 作者在书中说：“过去的三十年是如此的辉煌，特别对于沉默了百年的中华民族，它承载了太多人的光荣与梦想，它是几乎一代人共同成长的全部记忆。”,激荡三十年（下） (豆瓣),https://book.douban.com/subject/2380307/,{}
https://book.douban.com/subject/1088581/,,null,这是一部自传体文学的作品，原书六卷，已逸其二，现仅存四卷（有所谓“足本”者，后二记系伪作。书中记叙了作者夫妇间平凡的家居生活，坎坷际遇，和各地浪游闻见。文辞朴素，情感真挚，前人曾有“幽芳凄三角，读之心醉”的评语。本书文字不长，但向为文学爱好者和研究者所重视，影响广泛。,浮生六记 (豆瓣),https://book.douban.com/subject/1088581/,{}
https://book.douban.com/subject/1255624/,金庸 金庸作品集（三联版）,null,《神雕侠侣》是金庸作品集之一。其主人公杨过自然而然地走上了非正统的人生道路，入了“道流”。其特点是“至情至性，实现自我”，即把个人的利益、情感、个性及人格尊严置于人生首位，作为首要目标，亦作为待人处事，评价是非的首要原则。书中将杨过对郭靖的杀父之仇与疼惜之恩难以取舍的复杂心理刻画得维妙维肖；他与“姑姑”小龙女的情感纠葛和他对江湖世事的渴望又令他挣扎不已……,神雕侠侣 (豆瓣),https://book.douban.com/subject/1255624/,{}
https://book.douban.com/subject/1212893/,金庸 金庸作品集（广州版）,null,《鹿鼎记》是金庸创作的最后一部小说，也是他最重要的代表作。 小说讲的是一个从小在扬州妓院长大的小孩韦小宝，他以不会任何武功之姿态闯江湖各大帮会、周旋皇帝朝臣之间并奉旨远征云南、俄罗斯之故事，书中充满精彩的对白及逆思考的事件。 韦小宝笑称自己“不学无术却处处有术”，他靠着这不学之术在太监、钦命大臣、帮会堂主、和尚、甚至七个美女的共同老公这些角色上游刃有余。这个人物挑战了真实的人性，说明武功和权力不是这世上唯一的可取之道。,鹿鼎记（全五册） (豆瓣),https://book.douban.com/subject/1212893/,{}
https://book.douban.com/subject/3071717/,李银河 王小波 磨铁图书 王小波作品全集,null,王小波书信均选自朝华出版社2004年4月第一版《爱你就像爱生命》，此书系王小波生前从未发表过的与李银河的“两地书”，也是迄今他们夫妇最完整和独立的一本书信集。,爱你就像爱生命 (豆瓣),https://book.douban.com/subject/3071717/,{}
https://book.douban.com/subject/1449351/,鲁迅作品集,null,《呐喊》收录作者1918年至1922年所作小说十四篇。1923年8月由北京新潮社出版，原收十五篇，列为该社《文艺丛书》之一。1924年5月第三次印刷时起，改由北京北新书局出版，列为作者所编的《乌合丛书》之一。1930年1 月第十三次印刷时，由作者抽去其中的《不周山》一篇(后改名为《补天》，收入《故事新编》)。作者生前共印行二十二版次。,呐喊 (豆瓣),https://book.douban.com/subject/1449351/,{}
https://book.douban.com/subject/1432596/,[英] J·K·罗琳 哈利·波特,null,《哈利·波特与“混血王子”》是“哈利·波特”系列的第六部。 仲夏的一个夜晚，反常的浓雾笼罩在窗户玻璃上，哈利·波特在女贞路4号德思礼家自己的卧室里紧张地等待着邓布利多教授的来访。 哈利不太确定邓布利多是否真的会来德思礼家。邓布利多为什么现在要来看他呢？几个星期之后，他就要返校，邓布利多为什么不能等一等呢？哈利六年级的学习似乎就这样出人意料地提前开始了…… 而更加出人意料的事情还在接踵而至：邓布利多终于让斯内普教授如愿以偿，任命其担任黑魔法防御术课教师……哈利从教室的储藏柜里翻到一本魔药课本，它的前任主人是“混血王子”，从此哈利在神秘“王子”的帮助下成为“魔药奇才”……邓布利多开始了给哈利的单独授课，但奇怪的是，邓布利多却经常离开学校外出……在邓布利多的课上，哈利经历了几段关于少年伏地魔的惊心动魄的记忆，揭示了伏地魔不同寻常的身世之谜…… 哈利隐隐觉得... (展开全部) 《哈利·波特与“混血王子”》是“哈利·波特”系列的第六部。 仲夏的一个夜晚，反常的浓雾笼罩在窗户玻璃上，哈利·波特在女贞路4号德思礼家自己的卧室里紧张地等待着邓布利多教授的来访。 哈利不太确定邓布利多是否真的会来德思礼家。邓布利多为什么现在要来看他呢？几个星期之后，他就要返校，邓布利多为什么不能等一等呢？哈利六年级的学习似乎就这样出人意料地提前开始了…… 而更加出人意料的事情还在接踵而至：邓布利多终于让斯内普教授如愿以偿，任命其担任黑魔法防御术课教师……哈利从教室的储藏柜里翻到一本魔药课本，它的前任主人是“混血王子”，从此哈利在神秘“王子”的帮助下成为“魔药奇才”……邓布利多开始了给哈利的单独授课，但奇怪的是，邓布利多却经常离开学校外出……在邓布利多的课上，哈利经历了几段关于少年伏地魔的惊心动魄的记忆，揭示了伏地魔不同寻常的身世之谜…… 哈利隐隐觉得这一学期期内普教授和马尔福的关系发生了微妙变化，其中似乎别有一番隐情，而马尔福更是行踪诡秘……哈利试图揭穿马尔福的阴谋，但始终没有成功，直到马尔福把食死徒引进学校，斯内普对邓布利多校长举起了魔杖……,哈利·波特与混血王子 (豆瓣),https://book.douban.com/subject/1432596/,{}
https://book.douban.com/subject/1767945/,王小波 华文天下 王小波作品选集,null,这本书里除了文化杂文，还有给其他书写的序言与跋语。这些序言与跋语也表明了我的一些态度。除此之外，还有一些轻松的随笔。不管什么书，我都不希望它太严肃，这一本也不例外。 ——王小波,一只特立独行的猪 (豆瓣),https://book.douban.com/subject/1767945/,{}
https://book.douban.com/subject/1082406/,王小波 博集天卷 王小波作品系列（最新修订插图典藏版）,null,这是以文革时期为背景的系列作品构成的长篇。发生“文化大革命”的二十世纪六七十年代，正是我们国家和民族的灾难年代。那时，知识分子群体无能为力而极“左”政治泛滥横行。作为倍受歧视的知识分子，往往丧失了自我意志和个人尊严。在这组系列作品里面，名叫“王二”的男主人公处于恐怖和荒谬的环境，遭到各种不公正待遇，但他却摆脱了传统文化人的悲愤心态，创造出一种反抗和超越的方式：既然不能证明自己无辜，便倾向于证明自己不无辜。于是他以性爱作为对抗外部世界的最后据点，将性爱表现得既放浪形骸又纯净无邪，不但不觉羞耻，还轰轰烈烈地进行到底，对陈规陋习和政治偏见展开了极其尖锐而又饱含幽默的挑战。一次次被斗、挨整，他都处之坦然，乐观为本，获得了价值境界上的全线胜利。作者用一种机智的光辉烛照当年那种无处不在的压抑，使人的精神世界从悲惨暗淡的历史阴影中超拔出来。,黄金时代 (豆瓣),https://book.douban.com/subject/1082406/,{}
https://book.douban.com/subject/4920007/,[捷克] 米兰·昆德拉 米兰·昆德拉作品系列（2010版）,null,小说依托六十年代的捷克斯洛伐克的政治历史背景，围绕着托马斯、特蕾莎、萨比娜和弗兰茨等人物，以托马斯与特蕾莎的爱情为主线展开故事。 爱与做爱，灵魂与肉体，拯救与放逐，忠诚与背叛，昆德拉把一个个的矛盾摆在面前，“到底选择什么？是重还是轻？”“重便真的残酷，而轻便真的美丽？”重与轻不再是物理上的简单对立，而是如昆德拉所说：“重与轻的对立是所有对立中最神秘、最模糊的。,不能承受的生命之轻 (豆瓣),https://book.douban.com/subject/4920007/,{}
https://book.douban.com/subject/4207781/,龙应台 龙应台作品精选,null,作为华人世界最有影响的一支笔，龙应台的文章有万丈豪气，然而《孩子你慢慢来》却令人惊叹，她的文字也可以有款款深情。这本书里的龙应台是一个母亲，作为母亲的龙应台和作为一个独立的人的龙应台有着丰富、激烈的内心冲突，而正是通过对这一冲突的诉说，表现出她内心深处的母爱。但它不是传统母爱的歌颂，是对生命的实景写生，只有真正懂得爱的作家才写得出这样的生活散文。 十五年前龙应台以一位母亲的亲身经验写下《孩子你慢慢来》，她在书中说：“谁能告诉我做女性和做个人之间怎么平衡？我爱极了做母亲，只要把孩子的头放在我胸口，就能使我觉得幸福。可是我也是个需要极大的内在空间的个人……女性主义者，如果你不曾体验过生养的喜悦和痛苦，你究竟能告诉我些什么呢？” 十五年过去，龙应台不仅成为华文界最有影响力的一枝笔，也以她自己的智慧走出女性在个人事业和母亲角色的冲突，而这本书也给无数读者带来... (展开全部) 作为华人世界最有影响的一支笔，龙应台的文章有万丈豪气，然而《孩子你慢慢来》却令人惊叹，她的文字也可以有款款深情。这本书里的龙应台是一个母亲，作为母亲的龙应台和作为一个独立的人的龙应台有着丰富、激烈的内心冲突，而正是通过对这一冲突的诉说，表现出她内心深处的母爱。但它不是传统母爱的歌颂，是对生命的实景写生，只有真正懂得爱的作家才写得出这样的生活散文。 十五年前龙应台以一位母亲的亲身经验写下《孩子你慢慢来》，她在书中说：“谁能告诉我做女性和做个人之间怎么平衡？我爱极了做母亲，只要把孩子的头放在我胸口，就能使我觉得幸福。可是我也是个需要极大的内在空间的个人……女性主义者，如果你不曾体验过生养的喜悦和痛苦，你究竟能告诉我些什么呢？” 十五年过去，龙应台不仅成为华文界最有影响力的一枝笔，也以她自己的智慧走出女性在个人事业和母亲角色的冲突，而这本书也给无数读者带来感动和启迪。 在《孩子你慢慢来》出版十五周年之际，三联书店推出全新简体版：大开本彩色印刷，精美呈现数十幅龙应台私家珍藏照片；特别收录龙应台的孩子：少年华飞、青年华安在该书出版十周年时所撰的跋——看华文世界最受瞩目的女性，原来她是这样做妈妈的。,孩子你慢慢来 (豆瓣),https://book.douban.com/subject/4207781/,{}
https://book.douban.com/subject/1863930/,[意] 伊塔洛·卡尔维诺 卡尔维诺作品集,null,"《看不见的城市》的第一版是在1972年11月由都灵的埃伊纳乌迪出版社出版的。在这本书出版的时候，从1972年底到1973年初，卡尔维诺曾在多家报纸的文章和访谈中谈到它。 下面用卡尔维诺1983年3月29日在纽约哥伦比亚大学写作硕士班的一次讲座中的文字，来介绍“奥斯卡”丛书中的这个新版。讲座原为英文，这里用的是意大利文本，它是以1972到1973年的两次访谈为基础的，并且大部分在意大利没有发表过。（这篇讲稿后来以“卡尔维诺在看不见的城市里”为题，发表在美国的文学刊物《哥伦比亚》1983年第8期上，第37页到第42页；意大利文本的一些部分以“幸福的和不幸的看不见的城市”为题，发表在1972年12月的《意大利时尚》第253期上，第150页到第151页。） 在《看不见的城市》里人们找不到能认得出的城市。所有的城市都是虚构的; 我给它们每一个都起了一个女人... (展开全部) 《看不见的城市》的第一版是在1972年11月由都灵的埃伊纳乌迪出版社出版的。在这本书出版的时候，从1972年底到1973年初，卡尔维诺曾在多家报纸的文章和访谈中谈到它。 下面用卡尔维诺1983年3月29日在纽约哥伦比亚大学写作硕士班的一次讲座中的文字，来介绍“奥斯卡”丛书中的这个新版。讲座原为英文，这里用的是意大利文本，它是以1972到1973年的两次访谈为基础的，并且大部分在意大利没有发表过。（这篇讲稿后来以“卡尔维诺在看不见的城市里”为题，发表在美国的文学刊物《哥伦比亚》1983年第8期上，第37页到第42页；意大利文本的一些部分以“幸福的和不幸的看不见的城市”为题，发表在1972年12月的《意大利时尚》第253期上，第150页到第151页。） 在《看不见的城市》里人们找不到能认得出的城市。所有的城市都是虚构的; 我给它们每一个都起了一个女人的名字。这本书是由一些短小的章节构成的，每个章节都应提供机会，让我们对某个城市或泛指意义上的城市进行反思。 这本书每次只产生一小段，并且间隔的时间也长，就像是我跟随着各种各样的灵感而写在纸上的诗。我是以系列的方式进行写作的: 我有许多文件夹，里面放着我根据那些在我头脑中萦绕的思绪而偶尔写出的纸页，或者只是我想要写的东西的简要记录。我的文件夹中有一个专用于物体，一个专用于动物，一个专用于人物，一个专用于历史人物，还有一个专用于神话中的英雄; 我有一个关于四季的文件夹和一个关于五种感觉的文件夹; 我在一个文件夹里汇集了有关我经历过的那些城市和风景的纸页，而在另一个文件夹里则是那些超越于空间和时间的想象的城市。当一个文件夹渐渐被纸装满时，我就开始思考我能从这里提取出来的那本书了。 就这样，最近这些年里我一直都把这本书带在身边，断断续续地写，每次一小段，经历了一些不同的阶段。有的时候我只想象悲惨的城市，有的时候则只想象幸福的城市; 曾有一个时期我把这些城市比做繁星密布的天空，而在另一个时期我总免不了要谈到每天从城市中泛滥出来的废物。它差不多变成了一本日记，记录下我的心情与思考；所有的一切最后都转变成了城市的图像：我当时读的那些书，我参观的那些艺术展览，与朋友们的那些交谈。 但是所有这些纸页合在一起还没有形成一本书: 一本书（我相信）是某种有开始有结尾的东西（即使不是一本严格意义上的小说），是一个空间，读者必须进入它，在它里面走动，也许还会在它里面迷路，但在某一个时刻，找到一个出口，或许是多个出口，找到一种打开一条走出来的道路的可能性。你们中的某个人会对我说，这个定义能够适用于一部有情节的小说，却并不适用于一本像这样的书，人们应该像读诗、散文或至多是像读短篇小说一样读这本书。那么，我想要说，即使是一本这样的书，由于要成为一本书，它就应该有一个结构，也就是说人们必须在其中发现一个情节，一个旅程，一个结论。 诗的书我从来没有写过，但短篇小说的书我写过多本，当时我发现自己面对要给那些单独的篇章排序的难题，这有可能成为一个令人烦恼的难题。这一次从一开始我就在每页纸的顶头加了一个系列标题：“城市与记忆”，“城市与欲望”，“城市与符号”，第四个系列我曾经起名为“城市与形式”，这个标题后来显得太普通了，于是最终被分配到另外三类里去了。有一段时间，在继续往下写的同时，我在增多系列、或是将系列减到极少（最前面的两个系列是基本的）、或者使它们全部消失之间举棋不定。有许多片段我不知如何将它们归类，于是我寻找新的定义。我将那些有点抽象的空幻的城市编为一组，后来我称这一组为“轻盈的城市”。有一些城市我将它们定义为双重的城市，后来我认为最好还是将它们分到其他的组里。另一些系列，在开始时没有预见到, 到最后跳了出来，我把按别的方式分类过的、特别是像“回忆”和“欲望”那样的片段进行重新分配，例如“城市与眼睛”（其特点是其视觉属性）和“城市与贸易”，这是以交换为特征的: 记忆、欲望、路程、目的地的交换。“连绵的城市”和“隐蔽的城市”，这却是我“故意”写的两个系列，也就是说，在我已经开始明白应该给予这本书以形式和意义时，就带有一个明确的意图。正是在我堆积的材料的基础上，我研究最好的结构，因为我想要这些系列相互交替，相互交织，而同时，这本书的旅程又不过多地脱离时间的顺序，那些单独的片段都是按这个时间顺序而写的。在结尾时，我决定将自己固定在十一个系列，每系列五个片段，这些片段被重新组合进由不同系列的片段构成并且有着某种普遍气氛的章节里。各个系列进行相互交替的方式是尽可能最简单的，尽管有人在这里做过大量的研究以解释它。 我还没有说出我在一开始就应该说的话：《看不见的城市》就像是由马可·波罗向鞑靼人的皇帝忽必烈汗所作的一系列的旅行汇报。（在真实历史中，成吉思汗的后裔忽必烈是蒙古人的皇帝，但可马·波罗在他的书中称他为鞑靼人的大汗，而这在文学传统中保留了下来。）我并不打算追寻这位幸运的威尼斯商人的旅程，他在十三世纪一直到达了中国，然后从那里作为大汗的使者访问了远东的很大一部分地区。现在，东方是一个已经留给专业人士的主题，而我不是这样的人士。但是在所有的世纪里，有一些诗人和作家从马可·波罗的游记中获得启发，就像从一个幻想性的异域情调的舞台背景获得启发一样: 柯勒律治在他的一首著名的诗中，卡夫卡在《皇帝的圣旨》中，布扎第在《鞑靼人的沙漠》中。只有《一千零一夜》能够肯定自己有一个相同的使命:这部书变得就像是一些想象出来的大陆，在这里，另一些文学作品找到它们的空间；这是些“别处”的大陆，在今天，“别处”可以说已经不再存在了，整个世界趋向于变得一致。 这个忧郁的皇帝，他明白他的无边的权力并无多大价值，因为整个世界正在走向毁灭，一个幻想的旅行者在向他讲述一些不可能存在的城市，例如一个微小的城市，它越来越大，最后成为由众多正在扩张的同心城市构成的城市，一个悬在深渊上的蜘蛛网城市，或者是一个像莫里亚纳一样的二维城市。 在这本书每一章的前面和后面都另有一段文字，马可·波罗和忽必烈汗在这里进行思考和评论。马可·波罗和忽必烈汗的第一个片段是我为第一章而写的，只是到后来，当我面对那些城市时，我才想到其他那些章的这种片段。或者不如说，第一个片段我付出了很多劳动，并且剩余了很多材料，于是到了某个时刻，我将这些剩余材料（使节们的言语，马可的手势）的各种变体继续进行下去，于是就产生了各种各样的谈话。随着我继续写城市，我展开了关于我的劳动的思考，也就是马可·波罗和大汗的评论，而这些思考每个都是来自其自身；于是我试图让每一篇谈话自己进行下去。这样我就有了另一批材料，我努力使它们与别的材料平等地进展下去，并且在这里，我做了一点在这样一种意义上的蒙太奇，这就是，某些对话中断，然后重新开始，总之，这本书是同时在辩论和诘问中进行的。 我相信这本书所唤起的并不仅仅是一个与时间无关的城市概念，而是在书中展开了一种时而含蓄时而清晰的关于现代城市的讨论。从某个身为城市规划专家的朋友那里，我听说这本书涉及到了许多他们的问题，并且不是一个偶然事件，因为背景是相同的。但并不是仅仅到了快要结束时，“人口众多”的大都市才在我的书中出现; 那似乎是对一个古老城市的回忆的东西，只是因为被与眼前的今天的城市一同去想和写，才有了意义。 对于我们来说，今天的城市是什么？我认为我写了一种东西，它就像是在越来越难以把城市当做城市来生活的时刻，献给城市的最后一首爱情诗。也许我们正在接近城市生活的一个危机时刻，而《看不见的城市》则是从这些不可生活的城市的心中生长出来的一个梦想。今天人们以相同的顽固谈论着自然环境的破坏和巨大的技术体系的脆弱，这种脆弱有可能制造连锁故障，使各个大都市整体瘫痪。过于巨大的城市的危机是自然危机的另一面。“特大城市”，也就是正在覆盖全世界的连续的、单一的城市图景，也统治着我的书。但是，预言灾难和世界末日的书已经有很多了，再写一本将是同义重复，再说也不属于我的性格。我的马可·波罗心中想的是要发现使人们生活在这些城市中的秘密理由，是能够胜过所有这些危机的理由。这些城市是众多事物的一个整体: 记忆的整体，欲望的整体，一种言语的符号的整体; 正如所有的经济史书籍所解释的，城市是一些交换的地点，但这些交换并不仅仅是货物的交换，它们还是话语的交换，欲望的交换，记录的交换。我的书在幸福城市的图画上打开并合上，这些幸运城市不断地形成并消失，藏在不幸的城市之中。 几乎所有的评论都针对这本书的最后那句话：“在地狱里寻找非地狱的人和物，学会辨别他们，使他们存在下去，赋予他们空间。”由于这是最后的几行，所有的人都将它视为结语，“寓言的寓意”。但这是本由多面构成的书，几乎在所有的地方都有结语，它们是沿着所有的棱写成的，并且也有不少简洁或简明的寓意。当然，如果这一句是在书的结束时发生的，这并不是偶然，但我们开始说，这最后的小章节有一个双重的结语，它两方面的组成部分都是必不可少的: 关于乌托邦的城市（即使我们没有发现它，我们也不能放弃寻找它）和关于地狱的城市。另外: 这只是大汗地图册上“斜体字”的最后部分，这种一直被评论者们所忽视的文字从第一个片段到最后一个片段，所做的只是向这整本书推荐各种可能的“结论”。但是还有另一种途径，这种途径认为一本对称的书的意义要在书中寻找: 有一些心理分析的批评家在马可·波罗对威尼斯的回忆中找到了这本书的深深的根，而马可·波罗的回忆就像是对记忆的最初原型的回归; 而结构符号学的研究者们则说应该在这本书的正中心点寻找: 他们找到了一种不存在的图像，名叫宝琪的城市。在这里有一点是清楚的：作者的意见是多余的。这本书，正如我解释的那样，差不多是自行完成的，只有文字本身能够允许或排除这种或那种阅读。第五章在这本书的中心展开了一个轻的主题，它与城市主题奇异地联合在一起，作为和其他读者一样的读者，我可以说在这一章里有某些片段，我认为是较好的，就像是幻想的物象，也许这些更加纤细的形象（“轻盈的城市”或其他）是这本书最为闪光的地带。我不能再说什么了。",看不见的城市 (豆瓣),https://book.douban.com/subject/1863930/,{}
https://book.douban.com/subject/20427187/,柴静 理想国,null,《看见》是知名记者和主持人柴静讲述央视十年历程的自传性作品，既是柴静个人的成长告白书，某种程度上亦可视作中国社会十年变迁的备忘录。十年前她被选择成为国家电视台新闻主播，却因毫无经验而遭遇挫败，非典时期成为现场记者后，现实生活犬牙交错的切肤之感，让她一点一滴脱离外在与自我的束缚，对生活与人性有了更为宽广与深厚的理解。十年之间，非典、汶川地震、两会报道、北京奥运……在每个重大事件现场，几乎都能发现柴静的身影，而如华南虎照、征地等刚性的调查报道她也多有制作。在书中，她记录下淹没在宏大叙事中的动人细节，为时代留下私人的注脚。一如既往，柴静看见并记录下新闻中给她留下强烈生命印象的个人，每个人都深嵌在世界之中，没有人可以只是一个旁观者，他人经受的，我必经受。书中记录下的人与事，是他们的生活，也是你和我的生活。 《看见》中，我没有刻意选择标志性事件，也没有描绘历史... (展开全部) 《看见》是知名记者和主持人柴静讲述央视十年历程的自传性作品，既是柴静个人的成长告白书，某种程度上亦可视作中国社会十年变迁的备忘录。十年前她被选择成为国家电视台新闻主播，却因毫无经验而遭遇挫败，非典时期成为现场记者后，现实生活犬牙交错的切肤之感，让她一点一滴脱离外在与自我的束缚，对生活与人性有了更为宽广与深厚的理解。十年之间，非典、汶川地震、两会报道、北京奥运……在每个重大事件现场，几乎都能发现柴静的身影，而如华南虎照、征地等刚性的调查报道她也多有制作。在书中，她记录下淹没在宏大叙事中的动人细节，为时代留下私人的注脚。一如既往，柴静看见并记录下新闻中给她留下强烈生命印象的个人，每个人都深嵌在世界之中，没有人可以只是一个旁观者，他人经受的，我必经受。书中记录下的人与事，是他们的生活，也是你和我的生活。 《看见》中，我没有刻意选择标志性事件，也没有描绘历史的雄心，在大量的新闻报道里，我只选择了留给我强烈生命印象的人，因为工作原因，我恰好与这些人相遇。他们是流淌的，从我心腹深处的石坝上漫溢出来，坚硬的成见和模式被一遍遍冲刷，摇摇欲坠，土崩瓦解。这种摇晃是危险的，但思想的本质就是不安。 我试着尽可能诚实地写下这不断犯错、不断推翻、不断疑问、不断重建的事实和因果，一个国家由人构成，一个人也由无数他人构成，你想如何报道一个国家，就要如何报道自已。——柴静 海报：,看见 (豆瓣),https://book.douban.com/subject/20427187/,{}
https://book.douban.com/subject/2070844/,三毛 青马文化 三毛集,null,《梦里花落知多少》记录了荷西过世后三毛的生活，共23篇。内容均为台湾皇冠出版社81年至88年的初版。 荷西的死对三毛又是一场劫难，因此由《背影》到这本书，在文学、心情上都与早期大不相同，说情叙事极其内敛，但在曲折的空间之余，读者当能感受到三毛哀而不伤的笔调里，更多的其实是三毛对人生的坚定。,梦里花落知多少 (豆瓣),https://book.douban.com/subject/2070844/,{}
https://book.douban.com/subject/1046209/,世界文学名著文库,null,,安徒生童话故事集 (豆瓣),https://book.douban.com/subject/1046209/,{}
https://book.douban.com/subject/1829226/,[美] 斯蒂芬·金 99读书人 斯蒂芬·金作品：人文版,null,这本书收入斯蒂芬·金的四部中篇小说，是他作品中的杰出代表作。其英文版一经推出，即登上《纽约时报》畅销书排行榜的冠军之位，当年在美国狂销二十八万册。目前，这本书已经被翻译成三十一种语言，同时创下了收录的四篇小说中有三篇被改编成轰动一时的电影的记录。 其中最为著名是曾获奥斯卡奖七项提名、被称为电影史上最完美影片的《肖申克救赎》（又译《刺激一九九五》）。这部小说展现了斯蒂芬·金于擅长的惊悚题材之外的过人功力。书中的另两篇小说《纳粹高徒》与《尸体》拍成电影后也赢得了极佳的口碑。其中《尸体》还被视为斯蒂芬·金最具自传色彩的作品。,肖申克的救赎 (豆瓣),https://book.douban.com/subject/1829226/,{}
https://book.douban.com/subject/1002898/,杨莹,null,²内容简介² 1934年12月，第二次世界大战前夜的德国，到处充满了火药味，正是在这样的一个背景下，一套取材于日常生活反映父子间感情的漫画作品开始在《柏林画报》上连载，它的幽默温情犹如一片人性的绿洲，拂过万千民众的心，这便是德国漫画大师埃·奥·卜劳恩的传世名作《父与子》。它的幽默感和人情味表露得如此纯真，以致在问世近70年后，依然不断征服着世界各地的读者，散发出不衰的艺术魅力。 简要目录² 《父与子》卷一，目 录 不可救药 够了 有趣的圣诞书 新镜子 放生 图钉 足球 叫人害怕的邻座 争执的调解人 糟糕的家庭作文 假期第一天 图画的局限 挑战失败 圣诞礼物 变魔术 节前趣事 自制的雪橇 大力神 吃一堑长一智 鱼儿的信 猎人与兔子 免子现形 全部输光 来晚一步 带锚的帽子 就地取材 节前的秘密 雪人的反击 落日 梦游症患者 再也不用担心了 航空信带来... (展开全部) ²内容简介² 1934年12月，第二次世界大战前夜的德国，到处充满了火药味，正是在这样的一个背景下，一套取材于日常生活反映父子间感情的漫画作品开始在《柏林画报》上连载，它的幽默温情犹如一片人性的绿洲，拂过万千民众的心，这便是德国漫画大师埃·奥·卜劳恩的传世名作《父与子》。它的幽默感和人情味表露得如此纯真，以致在问世近70年后，依然不断征服着世界各地的读者，散发出不衰的艺术魅力。 简要目录² 《父与子》卷一，目 录 不可救药 够了 有趣的圣诞书 新镜子 放生 图钉 足球 叫人害怕的邻座 争执的调解人 糟糕的家庭作文 假期第一天 图画的局限 挑战失败 圣诞礼物 变魔术 节前趣事 自制的雪橇 大力神 吃一堑长一智 鱼儿的信 猎人与兔子 免子现形 全部输光 来晚一步 带锚的帽子 就地取材 节前的秘密 雪人的反击 落日 梦游症患者 再也不用担心了 航空信带来的惩罚 真像爷爷 最后一个苹果 蛋糕 装病 家教 按次序来 大好时机 父亲的签名 凡事往好处想 画像摄影术 “前长，后短！” 化恐惧为力量 复活节彩蛋生出的复活节小兔 神奇的魔法书 木偶剧场 请给我四张儿童票 善待天鹅 吸引人的书 《父与子》卷二，目 录 礼物 并没想当英雄 对策 狂欢节 瞎套近乎 快乐从努力中来 装腔作势的人与无私奉献的人 返老还童 父亲见不得血 狗儿也不吃 昂贵的狗儿 举例警告 上床睡觉 不能太过分 鬼怪 都是因为爱 悲伤的乐曲 迅速实现的愿望 被驯服的马 梦与现实 新年历险记 新发明 一年之后 聪明的马 从各方面看——要歌德的书！ 忍耐是有限度的 儿子出逃后 庆祝生日 被消灭的父亲 夏季旅行中的突发事件 饥饿奏鸣曲 原来是要——火！ 意外的勋章 打了一网鱼 完了——一场梦 海狸的报复 意外的猎物 野马 和袋鼠的友谊 “瞧我，给你带来了什么！” 趁火打劫 不情愿的信鸽 这里——才是金子！ 山羊的陷阱 配合默契 紧急任务 插话者 最后的精神食粮 意外获救 又回到了家 《父与子》卷三，目 录 输了棋的父亲 痛苦的自责 美术馆趣事 乐于助人的教训 战争允许一切手段 不知情帮错了 定位球 两对父子 合适的距离 遗憾 一场不成功的音乐会 进入角色 人靠衣装 制作圣诞礼物的秘密 圣诞节的贵客 正中靶心 儿子的报复 忘了放葡萄干 生日惊喜 剪得正好的照片 狮子的错误 雪茄焰火 铅球与皮球 “什么！这是我吗？” 欢乐重现 管教……晚了一点 原来不是金鱼 汽车出了故障 不领情 刷子和胡子 医生禁止他喝浓咖啡 醉后剃须 题词 曾祖父，祖父，父亲和孩子 令人难堪的相像 大笔遗产 见怪不怪，其怪自败 宫中趣事 虚荣心被治好了 理论脱离实践 难以实现的快乐 为什么要仆人 忠实的仆人 意外的复活节礼物 命令就是命令 习惯的力量 海虾带来的烦恼 行善的结果 盛名之下 再见,父与子全集 (豆瓣),https://book.douban.com/subject/1002898/,{}
https://book.douban.com/subject/10554308/,新经典文化 新经典文库·东野圭吾作品,null,东野圭吾万千书迷心中的无冕之王 周刊文春推理小说年度BEST10第1名 本格推理小说年度BEST10第2名 《白夜行》是东野圭吾迄今口碑最好的长篇杰作，具备经典名著的一切要素： 一宗离奇命案牵出跨度近20年步步惊心的故事：悲凉的爱情、吊诡的命运、令人发指的犯罪、复杂人性的对决与救赎…… ------------------------------------------------------------------- 1973年，大阪的一栋废弃建筑中发现一名遭利器刺死的男子。案件扑朔迷离，悬而未决。 此后20年间，案件滋生出的恶逐渐萌芽生长，绽放出恶之花。案件相关者的人生逐渐被越来越重的阴影笼罩…… “我的天空里没有太阳，总是黑夜，但并不暗，因为有东西代替了太阳。虽然没有太阳那么明亮，但对我来说已经足够。 凭借着这份光，我便能把黑夜当成白天。 我从... (展开全部) 东野圭吾万千书迷心中的无冕之王 周刊文春推理小说年度BEST10第1名 本格推理小说年度BEST10第2名 《白夜行》是东野圭吾迄今口碑最好的长篇杰作，具备经典名著的一切要素： 一宗离奇命案牵出跨度近20年步步惊心的故事：悲凉的爱情、吊诡的命运、令人发指的犯罪、复杂人性的对决与救赎…… ------------------------------------------------------------------- 1973年，大阪的一栋废弃建筑中发现一名遭利器刺死的男子。案件扑朔迷离，悬而未决。 此后20年间，案件滋生出的恶逐渐萌芽生长，绽放出恶之花。案件相关者的人生逐渐被越来越重的阴影笼罩…… “我的天空里没有太阳，总是黑夜，但并不暗，因为有东西代替了太阳。虽然没有太阳那么明亮，但对我来说已经足够。 凭借着这份光，我便能把黑夜当成白天。 我从来就没有太阳，所以不怕失去。” “只希望能手牵手在太阳下散步”，这句象征本书故事内核的绝望念想，有如一个美丽的幌子，随着无数凌乱、压抑、悲凉的事件片段如纪录片一样一一还原，最后一丝温情也被完全抛弃，万千读者在一曲救赎罪恶的爱情之中悲切动容。,白夜行 (豆瓣),https://book.douban.com/subject/10554308/,{}
https://book.douban.com/subject/5299764/,[英] 乔治·奥威尔 傅惟慈 董乐山,null,《1984》是一部杰出的政治寓言小说，也是一部幻想小说。作品刻画了人类在极权主义社会的生存状态，仿佛一个永不退色的警世标签，警醒世人提防这种预想中的黑暗成为现实。历经几十年，其生命力日益强大，被誉为20世纪影响最为深远的文学经典之一。 《动物农场》被公认为二十世纪最杰出的反乌托邦政治讽喻寓言。农场的一群动物成功地进行了一场“革命”，将压榨他们的人类东家赶出农场，建立起一个平等的动物社会。然而，动物领袖，那些聪明的猪们最终却篡夺了革命的果实，成为比人类东家更加独裁和极权的统治者。,1984 (豆瓣),https://book.douban.com/subject/5299764/,{}
https://book.douban.com/subject/1007305/,中国古典文学读本丛书,null,《红楼梦》是一部百科全书式的长篇小说。以宝黛爱情悲剧为主线，以四大家族的荣辱兴衰为背景，描绘出18世纪中国封建社会的方方面面，以及封建专制下新兴资本主义民主思想的萌动。结构宏大、情节委婉、细节精致，人物形象栩栩如生，声口毕现，堪称中国古代小说中的经 典。 由红楼梦研究所校注、人民文学出版社出版的《红楼梦》以庚辰（1760）本《脂砚斋重评石头记》为底本，以甲戌（1754）本、已卯（1759）本、蒙古王府本、戚蓼生序本、舒元炜序本、郑振铎藏本、红楼梦稿本、列宁格勒藏本（俄藏本）、程甲本、程乙本等众多版本为参校本，是一个博采众长、非常适合大众阅读的本子；同时，对底本的重要修改，皆出校记，读者可因以了解《红楼梦》的不同版本状况。 红学所的校注本已印行二十五年，其间1994年曾做过一次修订，又十几年过去，2008年推出修订第三版，体现了新的校注成果和科研成果。... (展开全部) 《红楼梦》是一部百科全书式的长篇小说。以宝黛爱情悲剧为主线，以四大家族的荣辱兴衰为背景，描绘出18世纪中国封建社会的方方面面，以及封建专制下新兴资本主义民主思想的萌动。结构宏大、情节委婉、细节精致，人物形象栩栩如生，声口毕现，堪称中国古代小说中的经 典。 由红楼梦研究所校注、人民文学出版社出版的《红楼梦》以庚辰（1760）本《脂砚斋重评石头记》为底本，以甲戌（1754）本、已卯（1759）本、蒙古王府本、戚蓼生序本、舒元炜序本、郑振铎藏本、红楼梦稿本、列宁格勒藏本（俄藏本）、程甲本、程乙本等众多版本为参校本，是一个博采众长、非常适合大众阅读的本子；同时，对底本的重要修改，皆出校记，读者可因以了解《红楼梦》的不同版本状况。 红学所的校注本已印行二十五年，其间1994年曾做过一次修订，又十几年过去，2008年推出修订第三版，体现了新的校注成果和科研成果。 关于《红楼梦》的作者，原本就有多种说法及推想，“前八十回曹雪芹著、后四十回高鹗续”的说法只是其中之一，这次修订中校注者改为“前八十回曹雪芹著；后四十回无名氏续，程伟元、高鹗整理”，应当是一种更科学的表述，体现了校注者对这一问题的新的认识。 现在这个修订后的《红楼梦》是更加完善。,红楼梦 (豆瓣),https://book.douban.com/subject/1007305/,{}
https://book.douban.com/subject/6710437/,三毛 青马文化 三毛全集（2011版）,null,★三毛——华文世界里的传奇女子，她的足迹遍及世界各地 ★此篇是三毛最受欢迎的作品，倾倒了全世界的华文读者 ★封面由台湾著名设计师聂永真倾情设计 ★全方位、多角度、立体化地展现了别样的三毛 内容简介 三毛作品中最脍炙人口当属《撒哈拉的故事》，本书由十几篇精彩动人的散文结合而成，其中《沙漠中的饭店》，是三毛适应荒凉单调的沙漠生活后，重新拾笔的第一篇文章，从此之后，三毛便写出一系列以沙漠为背景的故事，倾倒了全世界的华文读者。,撒哈拉的故事 (豆瓣),https://book.douban.com/subject/6710437/,{}
